soc_id_ea,year,var_id,EA034,pref_name_for_society_ea,glottocode,Lat,Long,soc_id_sccs,SCCS645,SCCS647,SCCS648,SCCS649,SCCS652,SCCS653,SCCS654,SCCS655,SCCS656,pref_name_for_society_sccs,AnnualPrecipitationVariance,PrecipitationPredictability,AnnualTemperatureVariance,TemperaturePredictability
Aa1,1950,EA034,3,!Kung,juho1239,-20,21,SCCS2,NA,NA,NA,1,2,1,4,1,1,!Kung,12332083886,0.476176944,14.1185644,0.668188523
Aa2,1920,EA034,1,Dorobo,okie1245,0,36,NA,NA,NA,NA,NA,NA,NA,NA,NA,NA,NA,NA,NA,NA,NA
Aa3,1840,EA034,1,Nama,nama1265,-26,18,SCCS1,2,2,2,1,2,1,4,3,1,Nama,386520647.7,0.552160071,10.59263669,0.669471417
Aa4,NA,EA034,NA,Bergdama,dama1270,-22,16,NA,NA,NA,NA,NA,NA,NA,NA,NA,NA,NA,NA,NA,NA,NA
Aa5,1930,EA034,1,Mbuti,bila1255,2,28,SCCS13,1,2,2,1,2,1,4,2,1,Mbuti,8474274385,0.784538547,0.294615692,0.816795745
Aa6,1920,EA034,2,Sandawe,sand1273,-5,36,NA,NA,NA,NA,NA,NA,NA,NA,NA,NA,NA,NA,NA,NA,NA
Aa7,1910,EA034,2,Naron,naro1249,-20,24,NA,NA,NA,NA,NA,NA,NA,NA,NA,NA,NA,NA,NA,NA,NA
Aa8,NA,EA034,NA,/Xam,xamm1241,-30,23,NA,NA,NA,NA,NA,NA,NA,NA,NA,NA,NA,NA,NA,NA,NA
Aa9,1910,EA034,1,Hadza,hadz1240,-3,35,SCCS9,2,1,1,1,4,1,1,2,1,Hadza,10440323091,0.667924294,2.786357605,0.74149882600000006
Ab1,NA,EA034,NA,Herero,here1253,-21,16,NA,NA,NA,NA,NA,NA,NA,NA,NA,NA,NA,NA,NA,NA,NA
Ab10,1936,EA034,1,Pondo Xhosa,mpon1252,-31,30,NA,NA,NA,NA,NA,NA,NA,NA,NA,NA,NA,NA,NA,NA,NA
Ab11,NA,EA034,NA,Xhosa Ngqika,xesi1238,-32.89,27.91,NA,NA,NA,NA,NA,NA,NA,NA,NA,NA,NA,NA,NA,NA,NA
Ab12,NA,EA034,NA,Zulu,zulu1248,-29,31,NA,NA,NA,NA,NA,NA,NA,NA,NA,NA,NA,NA,NA,NA,NA
Ab13,1880,EA034,4,Tswana,tswa1253,-24,27,NA,NA,NA,NA,NA,NA,NA,NA,NA,NA,NA,NA,NA,NA,NA
Ab14,1930,EA034,2,Lovedu,lobe1242,-24,31,NA,NA,NA,NA,NA,NA,NA,NA,NA,NA,NA,NA,NA,NA,NA
Ab15,NA,EA034,NA,Pedi,tswe1238,-25,30,NA,NA,NA,NA,NA,NA,NA,NA,NA,NA,NA,NA,NA,NA,NA
Ab16,NA,EA034,NA,Lenge,leng1257,-25,34,NA,NA,NA,NA,NA,NA,NA,NA,NA,NA,NA,NA,NA,NA,NA
Ab17,NA,EA034,NA,Ndau,ndau1241,-20,34,NA,NA,NA,NA,NA,NA,NA,NA,NA,NA,NA,NA,NA,NA,NA
Ab18,1920,EA034,4,Shona,shon1251,-19,31,NA,NA,NA,NA,NA,NA,NA,NA,NA,NA,NA,NA,NA,NA,NA
Ab19,NA,EA034,NA,Ambo,ndon1254,-17,16,NA,NA,NA,NA,NA,NA,NA,NA,NA,NA,NA,NA,NA,NA,NA
Ab2,1880,EA034,1,Swazi,swat1243,-27,32,NA,NA,NA,NA,NA,NA,NA,NA,NA,NA,NA,NA,NA,NA,NA
Ab20,NA,EA034,NA,Ngumbi,nkhu1238,-15,15,NA,NA,NA,NA,NA,NA,NA,NA,NA,NA,NA,NA,NA,NA,NA
Ab21a,NA,EA034,NA,Kisama,sama1300,-10,14,NA,NA,NA,NA,NA,NA,NA,NA,NA,NA,NA,NA,NA,NA,NA
Ab21b,NA,EA034,NA,Bomvana,bomv1238,-32.17,28.93,NA,NA,NA,NA,NA,NA,NA,NA,NA,NA,NA,NA,NA,NA,NA
Ab22,NA,EA034,NA,Chopi,copi1238,-24.76,34.47,NA,NA,NA,NA,NA,NA,NA,NA,NA,NA,NA,NA,NA,NA,NA
Ab3,1890,EA034,2,Lozi,lozi1239,-15,23,SCCS4,NA,NA,NA,NA,NA,NA,NA,NA,NA,Lozi,16848707242,0.515210058,11.10899029,0.715611495
Ab4,NA,EA034,NA,Tsonga,tson1249,-24,32,SCCS3,2,1,1,2,4,1,3,1,3,Tsonga,12418251664,0.634970748,8.907450306,0.718662611
Ab5,1930,EA034,2,Mbundu,umbu1257,-12,16,SCCS5,1,1,1,1,2,1,3,3,1,Mbundu,13661008540,0.569825805,3.348929432,0.741032035
Ab6,1900,EA034,3,Venda,vend1245,-23,30,NA,NA,NA,NA,NA,NA,NA,NA,NA,NA,NA,NA,NA,NA,NA
Ab7,NA,EA034,NA,Nyaneka,nyan1305,-15,14,NA,NA,NA,NA,NA,NA,NA,NA,NA,NA,NA,NA,NA,NA,NA
Ab8,1860,EA034,1,Sotho,sout2807,-29,28,NA,NA,NA,NA,NA,NA,NA,NA,NA,NA,NA,NA,NA,NA,NA
Ab9,1870,EA034,2,Ndebele,nort2795,-20,28,NA,NA,NA,NA,NA,NA,NA,NA,NA,NA,NA,NA,NA,NA,NA
Ac1,1920,EA034,2,Ila,ilaa1246,-16,27,NA,NA,NA,NA,NA,NA,NA,NA,NA,NA,NA,NA,NA,NA,NA
Ac10,1920,EA034,1,Chewa,chew1246,-14,33,NA,NA,NA,NA,NA,NA,NA,NA,NA,NA,NA,NA,NA,NA,NA
Ac11,1930,EA034,2,Luvale,luva1239,-12,22,NA,NA,NA,NA,NA,NA,NA,NA,NA,NA,NA,NA,NA,NA,NA
Ac12,NA,EA034,NA,Chokwe,chok1245,-10,21,NA,NA,NA,NA,NA,NA,NA,NA,NA,NA,NA,NA,NA,NA,NA
Ac13,1950,EA034,2,Tonga,tong1321,-12,34,NA,NA,NA,NA,NA,NA,NA,NA,NA,NA,NA,NA,NA,NA,NA
Ac14,NA,EA034,NA,Bakongo,sans1272,-7,15,NA,NA,NA,NA,NA,NA,NA,NA,NA,NA,NA,NA,NA,NA,NA
Ac15,NA,EA034,NA,Mbala,mbal1257,-5,18,NA,NA,NA,NA,NA,NA,NA,NA,NA,NA,NA,NA,NA,NA,NA
Ac16,NA,EA034,NA,Mitsogho,tsog1243,-1,12,NA,NA,NA,NA,NA,NA,NA,NA,NA,NA,NA,NA,NA,NA,NA
Ac17,1910,EA034,2,Suku,suku1259,-6,18,SCCS6,1,2,1,1,3,1,2,3,3,Suku,9110469846,0.677494695,0.742434695,0.794785661
Ac18,NA,EA034,NA,Sundi,koon1244,-5,14,NA,NA,NA,NA,NA,NA,NA,NA,NA,NA,NA,NA,NA,NA,NA
Ac19,NA,EA034,NA,Teke,teke1278,-3,15,NA,NA,NA,NA,NA,NA,NA,NA,NA,NA,NA,NA,NA,NA,NA
Ac2,NA,EA034,NA,Pende,phen1239,-6,20,NA,NA,NA,NA,NA,NA,NA,NA,NA,NA,NA,NA,NA,NA,NA
Ac20,NA,EA034,NA,Yaka,yaka1269,-7,17,NA,NA,NA,NA,NA,NA,NA,NA,NA,NA,NA,NA,NA,NA,NA
Ac21,NA,EA034,NA,Bunda,mpuo1241,-5,19,NA,NA,NA,NA,NA,NA,NA,NA,NA,NA,NA,NA,NA,NA,NA
Ac22,NA,EA034,NA,Dzing,ding1239,-4,20,NA,NA,NA,NA,NA,NA,NA,NA,NA,NA,NA,NA,NA,NA,NA
Ac23,1950,EA034,1,Lele,lele1265,-5,21,NA,NA,NA,NA,NA,NA,NA,NA,NA,NA,NA,NA,NA,NA,NA
Ac24,NA,EA034,NA,Sakata,saka1287,-3,18,NA,NA,NA,NA,NA,NA,NA,NA,NA,NA,NA,NA,NA,NA,NA
Ac25,NA,EA034,NA,Songo,song1299,-5,18,NA,NA,NA,NA,NA,NA,NA,NA,NA,NA,NA,NA,NA,NA,NA
Ac26,NA,EA034,NA,Yanzi,yans1239,-4,18,NA,NA,NA,NA,NA,NA,NA,NA,NA,NA,NA,NA,NA,NA,NA
Ac27,1930,EA034,2,Luchazi,luch1239,-13,23,NA,NA,NA,NA,NA,NA,NA,NA,NA,NA,NA,NA,NA,NA,NA
Ac28,NA,EA034,NA,Luimbe,luim1238,-12,18,NA,NA,NA,NA,NA,NA,NA,NA,NA,NA,NA,NA,NA,NA,NA
Ac29,NA,EA034,NA,Luwa,sond1250,-7,19,NA,NA,NA,NA,NA,NA,NA,NA,NA,NA,NA,NA,NA,NA,NA
Ac3,1900,EA034,3,Bemba,town1238,-11,31,SCCS7,NA,NA,NA,NA,NA,NA,NA,NA,NA,Bemba,20553738597,0.719558678,8.765305008,0.751397474
Ac30,1940,EA034,3,Plateau Tonga,tong1318,-18,28,NA,NA,NA,NA,NA,NA,NA,NA,NA,NA,NA,NA,NA,NA,NA
Ac31,1910,EA034,2,Buye,buyu1239,-7,28,NA,NA,NA,NA,NA,NA,NA,NA,NA,NA,NA,NA,NA,NA,NA
Ac32,NA,EA034,NA,Kaonde,kaon1241,-13,26,NA,NA,NA,NA,NA,NA,NA,NA,NA,NA,NA,NA,NA,NA,NA
Ac33,1940,EA034,2,Lala,lala1264,-15,31,NA,NA,NA,NA,NA,NA,NA,NA,NA,NA,NA,NA,NA,NA,NA
Ac34,1940,EA034,3,Luapula,luun1238,-10,29,NA,NA,NA,NA,NA,NA,NA,NA,NA,NA,NA,NA,NA,NA,NA
Ac35,NA,EA034,NA,Shila,luba1250,-10,28,NA,NA,NA,NA,NA,NA,NA,NA,NA,NA,NA,NA,NA,NA,NA
Ac36,1920,EA034,3,Tumbuka,tumb1250,-12,34,NA,NA,NA,NA,NA,NA,NA,NA,NA,NA,NA,NA,NA,NA,NA
Ac37,NA,EA034,NA,Kunda,kund1255,-15,32,NA,NA,NA,NA,NA,NA,NA,NA,NA,NA,NA,NA,NA,NA,NA
Ac38,NA,EA034,NA,Nyanja,nucl1395,-16,36,NA,NA,NA,NA,NA,NA,NA,NA,NA,NA,NA,NA,NA,NA,NA
Ac39,NA,EA034,NA,Nyasa,mwer1247,-13,35,NA,NA,NA,NA,NA,NA,NA,NA,NA,NA,NA,NA,NA,NA,NA
Ac4,1910,EA034,2,Kuba,bush1247,-5,22,NA,NA,NA,NA,NA,NA,NA,NA,NA,NA,NA,NA,NA,NA,NA
Ac40,NA,EA034,NA,Sena,nucl1396,-18,35,NA,NA,NA,NA,NA,NA,NA,NA,NA,NA,NA,NA,NA,NA,NA
Ac41,NA,EA034,NA,Makonde,mako1251,-11,40,NA,NA,NA,NA,NA,NA,NA,NA,NA,NA,NA,NA,NA,NA,NA
Ac42,NA,EA034,NA,Makua,makh1264,-15,39,NA,NA,NA,NA,NA,NA,NA,NA,NA,NA,NA,NA,NA,NA,NA
Ac43,1910,EA034,2,Mambwe,mamb1296,9,32,NA,NA,NA,NA,NA,NA,NA,NA,NA,NA,NA,NA,NA,NA,NA
Ac5,1920,EA034,2,Lamba,lamb1271,-13,28,NA,NA,NA,NA,NA,NA,NA,NA,NA,NA,NA,NA,NA,NA,NA
Ac6,NA,EA034,NA,Ndembu,lund1266,-11,26,NA,NA,NA,NA,NA,NA,NA,NA,NA,NA,NA,NA,NA,NA,NA
Ac7,1920,EA034,1,Yao,yaoo1241,-13,36,NA,NA,NA,NA,NA,NA,NA,NA,NA,NA,NA,NA,NA,NA,NA
Ac8,NA,EA034,NA,Yombe,yomb1244,-5,13,NA,NA,NA,NA,NA,NA,NA,NA,NA,NA,NA,NA,NA,NA,NA
Ac9,1940,EA034,1,Ngoni,ngon1269,-12,33,NA,NA,NA,NA,NA,NA,NA,NA,NA,NA,NA,NA,NA,NA,NA
Ad1,NA,EA034,NA,Bajuni,baju1245,-2,41,NA,NA,NA,NA,NA,NA,NA,NA,NA,NA,NA,NA,NA,NA,NA
Ad10,NA,EA034,NA,Shambaa,sham1280,-5,38,NA,NA,NA,NA,NA,NA,NA,NA,NA,NA,NA,NA,NA,NA,NA
Ad11,1930,EA034,4,Bena,bena1262,-9,36,NA,NA,NA,NA,NA,NA,NA,NA,NA,NA,NA,NA,NA,NA,NA
Ad12,NA,EA034,NA,Gusii,gusi1247,-1,35,NA,NA,NA,NA,NA,NA,NA,NA,NA,NA,NA,NA,NA,NA,NA
Ad13,1930,EA034,2,Kiga,chig1238,-3,30,NA,NA,NA,NA,NA,NA,NA,NA,NA,NA,NA,NA,NA,NA,NA
Ad14,1930,EA034,2,Luguru,lugu1238,-8,38,SCCS10,NA,NA,NA,NA,NA,NA,NA,NA,NA,Luguru,5819966558,0.707984455,4.325822602,0.808886348
Ad15,1900,EA034,2,Iwa,nyam1275,-10,32,NA,NA,NA,NA,NA,NA,NA,NA,NA,NA,NA,NA,NA,NA,NA
Ad16,1920,EA034,1,Ngonde,ngon1268,-10,34,NA,NA,NA,NA,NA,NA,NA,NA,NA,NA,NA,NA,NA,NA,NA
Ad17,1920,EA034,2,Safwa,safw1238,-8,33,NA,NA,NA,NA,NA,NA,NA,NA,NA,NA,NA,NA,NA,NA,NA
Ad18,NA,EA034,NA,Bende,bend1258,-7,31,NA,NA,NA,NA,NA,NA,NA,NA,NA,NA,NA,NA,NA,NA,NA
Ad19,1910,EA034,2,Fipa,fipa1238,-8,31,NA,NA,NA,NA,NA,NA,NA,NA,NA,NA,NA,NA,NA,NA,NA
Ad2,1950,EA034,2,Nyoro,nyor1246,2,32,NA,NA,NA,NA,NA,NA,NA,NA,NA,NA,NA,NA,NA,NA,NA
Ad20,1920,EA034,2,Nyamwezi,nyam1276,-5,33,NA,NA,NA,NA,NA,NA,NA,NA,NA,NA,NA,NA,NA,NA,NA
Ad21,1930,EA034,2,Pimbwe,pimb1238,-7,31,NA,NA,NA,NA,NA,NA,NA,NA,NA,NA,NA,NA,NA,NA,NA
Ad22,1950,EA034,2,Sukuma,suku1261,-3,34,NA,NA,NA,NA,NA,NA,NA,NA,NA,NA,NA,NA,NA,NA,NA
Ad23,NA,EA034,NA,Sangu,sang1330,-8,34,NA,NA,NA,NA,NA,NA,NA,NA,NA,NA,NA,NA,NA,NA,NA
Ad24,NA,EA034,NA,Gogo,gogo1263,-7,36,NA,NA,NA,NA,NA,NA,NA,NA,NA,NA,NA,NA,NA,NA,NA
Ad25,NA,EA034,NA,Rangi,lang1320,-5,36,NA,NA,NA,NA,NA,NA,NA,NA,NA,NA,NA,NA,NA,NA,NA
Ad26,NA,EA034,NA,Turu,nyat1246,-5,34,NA,NA,NA,NA,NA,NA,NA,NA,NA,NA,NA,NA,NA,NA,NA
Ad27,NA,EA034,NA,Kwere,kwer1261,-7,39,NA,NA,NA,NA,NA,NA,NA,NA,NA,NA,NA,NA,NA,NA,NA
Ad28,1880,EA034,2,Zigula,zigu1242,-5.84,38.79,NA,NA,NA,NA,NA,NA,NA,NA,NA,NA,NA,NA,NA,NA,NA
Ad29,1930,EA034,4,Hadimu,pemb1239,-6.07,39.43,NA,NA,NA,NA,NA,NA,NA,NA,NA,NA,NA,NA,NA,NA,NA
Ad3,1910,EA034,1,Chagga,moch1256,-3,37,NA,NA,NA,NA,NA,NA,NA,NA,NA,NA,NA,NA,NA,NA,NA
Ad30,1890,EA034,4,Digo,digo1243,-4,39,NA,NA,NA,NA,NA,NA,NA,NA,NA,NA,NA,NA,NA,NA,NA
Ad31,NA,EA034,NA,Duruma,duru1249,-4,39,NA,NA,NA,NA,NA,NA,NA,NA,NA,NA,NA,NA,NA,NA,NA
Ad32,1900,EA034,1,Giriama,giry1241,-3,40,NA,NA,NA,NA,NA,NA,NA,NA,NA,NA,NA,NA,NA,NA,NA
Ad33,NA,EA034,NA,Pokomo,poko1261,-1,40,NA,NA,NA,NA,NA,NA,NA,NA,NA,NA,NA,NA,NA,NA,NA
Ad34,1910,EA034,2,Kamba,kamb1297,-2,38,NA,NA,NA,NA,NA,NA,NA,NA,NA,NA,NA,NA,NA,NA,NA
Ad35,NA,EA034,NA,Meru,meru1245,0,35,NA,NA,NA,NA,NA,NA,NA,NA,NA,NA,NA,NA,NA,NA,NA
Ad36,NA,EA034,NA,Pare,asut1235,-4,38,NA,NA,NA,NA,NA,NA,NA,NA,NA,NA,NA,NA,NA,NA,NA
Ad37,NA,EA034,NA,Teita,tait1250,-4,39,NA,NA,NA,NA,NA,NA,NA,NA,NA,NA,NA,NA,NA,NA,NA
Ad38,NA,EA034,NA,Kara,kara1481,-2,33,NA,NA,NA,NA,NA,NA,NA,NA,NA,NA,NA,NA,NA,NA,NA
Ad39,NA,EA034,NA,Sonjo,temi1247,-3,36,NA,NA,NA,NA,NA,NA,NA,NA,NA,NA,NA,NA,NA,NA,NA
Ad4,1930,EA034,3,Kikuyu,kiku1240,-1,37,SCCS11,NA,NA,NA,NA,NA,NA,NA,NA,NA,Kikuyu,2391993146,0.669648678,1.419208467,0.772535365
Ad40,NA,EA034,NA,Tiriki,idak1243,0,35,NA,NA,NA,NA,NA,NA,NA,NA,NA,NA,NA,NA,NA,NA,NA
Ad41,NA,EA034,NA,Vugusu,buku1249,1,35,NA,NA,NA,NA,NA,NA,NA,NA,NA,NA,NA,NA,NA,NA,NA
Ad42,1900,EA034,2,Haya,haya1250,-1,32,NA,NA,NA,NA,NA,NA,NA,NA,NA,NA,NA,NA,NA,NA,NA
Ad43,NA,EA034,NA,Kerewe,kere1283,-3,33,NA,NA,NA,NA,NA,NA,NA,NA,NA,NA,NA,NA,NA,NA,NA
Ad44,1920,EA034,2,Konjo,konz1239,-1,30,NA,NA,NA,NA,NA,NA,NA,NA,NA,NA,NA,NA,NA,NA,NA
Ad45,1920,EA034,2,Nyankole,nyan1307,0,31,NA,NA,NA,NA,NA,NA,NA,NA,NA,NA,NA,NA,NA,NA,NA
Ad46,NA,EA034,NA,Soga,soga1242,1,33,NA,NA,NA,NA,NA,NA,NA,NA,NA,NA,NA,NA,NA,NA,NA
Ad47,1900,EA034,2,Sumbwa,sumb1240,-4,32,NA,NA,NA,NA,NA,NA,NA,NA,NA,NA,NA,NA,NA,NA,NA
Ad48,1950,EA034,2,Toro,toor1238,1,31,NA,NA,NA,NA,NA,NA,NA,NA,NA,NA,NA,NA,NA,NA,NA
Ad49,1950,EA034,2,Zinza,zinz1238,-3,31,NA,NA,NA,NA,NA,NA,NA,NA,NA,NA,NA,NA,NA,NA,NA
Ad5,NA,EA034,NA,Mbugwe,mbug1242,-4,36,NA,NA,NA,NA,NA,NA,NA,NA,NA,NA,NA,NA,NA,NA,NA
Ad50,1900,EA034,2,Kaguru,kagu1239,-6,37,NA,NA,NA,NA,NA,NA,NA,NA,NA,NA,NA,NA,NA,NA,NA
Ad51,1930,EA034,2,Ngulu,ngul1246,-6,38,NA,NA,NA,NA,NA,NA,NA,NA,NA,NA,NA,NA,NA,NA,NA
Ad6,1930,EA034,2,Nyakyusa,nyak1261,-9,34,SCCS8,2,1,1,1,2,1,3,3,4,Nyakyusa,14085952159,0.728508561,7.994229965,0.752033892
Ad7,1880,EA034,2,Ganda,gand1255,1,32,SCCS12,1,2,1,2,3,1,3,3,1,Ganda,15279696081,0.604572546,1.036121133,0.779701391
Ad8,NA,EA034,NA,Hehe,hehe1240,-8,35,NA,NA,NA,NA,NA,NA,NA,NA,NA,NA,NA,NA,NA,NA,NA
Ad9,1900,EA034,2,Gisu,masa1299,1,34,NA,NA,NA,NA,NA,NA,NA,NA,NA,NA,NA,NA,NA,NA,NA
Ae1,1950,EA034,1,Amba,amba1263,1,30,NA,NA,NA,NA,NA,NA,NA,NA,NA,NA,NA,NA,NA,NA,NA
Ae10,1910,EA034,2,Banyaruanda,kiny1244,-2,30,NA,NA,NA,NA,NA,NA,NA,NA,NA,NA,NA,NA,NA,NA,NA
Ae11,1900,EA034,2,Songola,song1300,-4,26,NA,NA,NA,NA,NA,NA,NA,NA,NA,NA,NA,NA,NA,NA,NA
Ae12,1940,EA034,2,Duala,dual1243,4,10,NA,NA,NA,NA,NA,NA,NA,NA,NA,NA,NA,NA,NA,NA,NA
Ae13,NA,EA034,NA,Bashi,shii1238,-2,29,NA,NA,NA,NA,NA,NA,NA,NA,NA,NA,NA,NA,NA,NA,NA
Ae14,1950,EA034,2,Ha,haaa1252,-5,30,NA,NA,NA,NA,NA,NA,NA,NA,NA,NA,NA,NA,NA,NA,NA
Ae15,NA,EA034,NA,Hunde,hund1239,-2,28,NA,NA,NA,NA,NA,NA,NA,NA,NA,NA,NA,NA,NA,NA,NA
Ae16,NA,EA034,NA,Lulua,luba1249,-6,23,NA,NA,NA,NA,NA,NA,NA,NA,NA,NA,NA,NA,NA,NA,NA
Ae17,1900,EA034,2,Rega,lega1249,-3,28,NA,NA,NA,NA,NA,NA,NA,NA,NA,NA,NA,NA,NA,NA,NA
Ae18,1900,EA034,2,Songye,song1303,-6,25,NA,NA,NA,NA,NA,NA,NA,NA,NA,NA,NA,NA,NA,NA,NA
Ae19,NA,EA034,NA,Garanganze,sang1331,-11,28,NA,NA,NA,NA,NA,NA,NA,NA,NA,NA,NA,NA,NA,NA,NA
Ae2,1950,EA034,2,Kpe,mokp1239,4.22,9.27,NA,NA,NA,NA,NA,NA,NA,NA,NA,NA,NA,NA,NA,NA,NA
Ae20,NA,EA034,NA,Ekonda,ekon1238,-2,18,NA,NA,NA,NA,NA,NA,NA,NA,NA,NA,NA,NA,NA,NA,NA
Ae21,NA,EA034,NA,Kela,yela1238,-3,23,NA,NA,NA,NA,NA,NA,NA,NA,NA,NA,NA,NA,NA,NA,NA
Ae22,NA,EA034,NA,Kutsu,kusu1252,-4,22,NA,NA,NA,NA,NA,NA,NA,NA,NA,NA,NA,NA,NA,NA,NA
Ae23,NA,EA034,NA,Lalia,ngan1302,-1,23,NA,NA,NA,NA,NA,NA,NA,NA,NA,NA,NA,NA,NA,NA,NA
Ae24,NA,EA034,NA,Mongo,long1393,1,22,NA,NA,NA,NA,NA,NA,NA,NA,NA,NA,NA,NA,NA,NA,NA
Ae25,NA,EA034,NA,Tetela,tete1250,-4,25,NA,NA,NA,NA,NA,NA,NA,NA,NA,NA,NA,NA,NA,NA,NA
Ae26,NA,EA034,NA,Topoke,poke1238,0,24,NA,NA,NA,NA,NA,NA,NA,NA,NA,NA,NA,NA,NA,NA,NA
Ae27,NA,EA034,NA,Lokele,kele1255,1,25,NA,NA,NA,NA,NA,NA,NA,NA,NA,NA,NA,NA,NA,NA,NA
Ae28,1900,EA034,2,Ngala,ling1263,1,18,NA,NA,NA,NA,NA,NA,NA,NA,NA,NA,NA,NA,NA,NA,NA
Ae29,NA,EA034,NA,Poto,luse1252,2,22,NA,NA,NA,NA,NA,NA,NA,NA,NA,NA,NA,NA,NA,NA,NA
Ae3,1910,EA034,2,Fang,fang1246,1,11,NA,NA,NA,NA,NA,NA,NA,NA,NA,NA,NA,NA,NA,NA,NA
Ae30,NA,EA034,NA,Bira,bila1255,1,29,SCCS13,1,2,2,1,2,1,4,2,1,Mbuti,8474274385,0.784538547,0.294615692,0.816795745
Ae31,NA,EA034,NA,Budu,budu1250,2,28,NA,NA,NA,NA,NA,NA,NA,NA,NA,NA,NA,NA,NA,NA,NA
Ae32,NA,EA034,NA,Kumu,komo1260,-1,27,NA,NA,NA,NA,NA,NA,NA,NA,NA,NA,NA,NA,NA,NA,NA
Ae33,NA,EA034,NA,Ndaka Babali,bali1274,1,27,NA,NA,NA,NA,NA,NA,NA,NA,NA,NA,NA,NA,NA,NA,NA
Ae34,NA,EA034,NA,Plains Bira,bera1259,1,30,NA,NA,NA,NA,NA,NA,NA,NA,NA,NA,NA,NA,NA,NA,NA
Ae35,NA,EA034,NA,Rumbi,lomb1254,0,28,NA,NA,NA,NA,NA,NA,NA,NA,NA,NA,NA,NA,NA,NA,NA
Ae36,NA,EA034,NA,Bombesa,mbes1238,1,23,NA,NA,NA,NA,NA,NA,NA,NA,NA,NA,NA,NA,NA,NA,NA
Ae37,NA,EA034,NA,Budja,budz1238,3,23,NA,NA,NA,NA,NA,NA,NA,NA,NA,NA,NA,NA,NA,NA,NA
Ae38,NA,EA034,NA,Ndoko,doko1244,2,21,NA,NA,NA,NA,NA,NA,NA,NA,NA,NA,NA,NA,NA,NA,NA
Ae39,1920,EA034,1,Ngombe,binj1250,2,20,NA,NA,NA,NA,NA,NA,NA,NA,NA,NA,NA,NA,NA,NA,NA
Ae4,1930,EA034,2,Nkundo,nkun1238,0,20,SCCS14,1,1,2,1,4,1,2,2,1,Nkundo,7122628458,0.7877248,0.273386836,0.81980859
Ae40,NA,EA034,NA,Dzem,njye1238,3,14,NA,NA,NA,NA,NA,NA,NA,NA,NA,NA,NA,NA,NA,NA,NA
Ae41,NA,EA034,NA,Kota,ndas1238,1,14,NA,NA,NA,NA,NA,NA,NA,NA,NA,NA,NA,NA,NA,NA,NA
Ae42,NA,EA034,NA,Ngumba,kwas1243,3,11,NA,NA,NA,NA,NA,NA,NA,NA,NA,NA,NA,NA,NA,NA,NA
Ae43,NA,EA034,NA,Sanga,bomw1238,2,16,NA,NA,NA,NA,NA,NA,NA,NA,NA,NA,NA,NA,NA,NA,NA
Ae44,NA,EA034,NA,Bubi,bube1242,3.54,8.72,NA,NA,NA,NA,NA,NA,NA,NA,NA,NA,NA,NA,NA,NA,NA
Ae45,NA,EA034,NA,Kundu,orok1266,10,9,NA,NA,NA,NA,NA,NA,NA,NA,NA,NA,NA,NA,NA,NA,NA
Ae46,NA,EA034,NA,Mpongwe,myen1241,-2,10,NA,NA,NA,NA,NA,NA,NA,NA,NA,NA,NA,NA,NA,NA,NA
Ae47,NA,EA034,NA,Puku,bata1285,2,10,NA,NA,NA,NA,NA,NA,NA,NA,NA,NA,NA,NA,NA,NA,NA
Ae48,NA,EA034,NA,Bafia,bafi1243,5,11,NA,NA,NA,NA,NA,NA,NA,NA,NA,NA,NA,NA,NA,NA,NA
Ae49,NA,EA034,NA,Bali Nyonga,mung1266,6,10,NA,NA,NA,NA,NA,NA,NA,NA,NA,NA,NA,NA,NA,NA,NA
Ae5,NA,EA034,NA,Bamileke,fefe1239,5,10,NA,NA,NA,NA,NA,NA,NA,NA,NA,NA,NA,NA,NA,NA,NA
Ae50,1920,EA034,3,Bamum,bamu1253,6,11,NA,NA,NA,NA,NA,NA,NA,NA,NA,NA,NA,NA,NA,NA,NA
Ae51,1940,EA034,2,Banen,tune1261,5,11,SCCS15,1,1,1,1,3,1,2,3,3,Banen,13427796171,0.745351666,0.811575593,0.80913186
Ae52,NA,EA034,NA,Fungom,mmen1238,7,10,NA,NA,NA,NA,NA,NA,NA,NA,NA,NA,NA,NA,NA,NA,NA
Ae53,NA,EA034,NA,Koko,bako1249,4,11,NA,NA,NA,NA,NA,NA,NA,NA,NA,NA,NA,NA,NA,NA,NA
Ae54,NA,EA034,NA,Kom,komc1235,6,10,NA,NA,NA,NA,NA,NA,NA,NA,NA,NA,NA,NA,NA,NA,NA
Ae55,NA,EA034,NA,Ndob,band1349,6,10,NA,NA,NA,NA,NA,NA,NA,NA,NA,NA,NA,NA,NA,NA,NA
Ae56,1950,EA034,3,Nsaw,lamn1239,6,11,NA,NA,NA,NA,NA,NA,NA,NA,NA,NA,NA,NA,NA,NA,NA
Ae57,NA,EA034,NA,Nsungli,limb1268,6,11,NA,NA,NA,NA,NA,NA,NA,NA,NA,NA,NA,NA,NA,NA,NA
Ae58,NA,EA034,NA,Tikar,tige1238,6,12,NA,NA,NA,NA,NA,NA,NA,NA,NA,NA,NA,NA,NA,NA,NA
Ae59,NA,EA034,NA,Widikum,meta1238,6,10,NA,NA,NA,NA,NA,NA,NA,NA,NA,NA,NA,NA,NA,NA,NA
Ae6,1930,EA034,2,Luba,luba1250,-8,26,NA,NA,NA,NA,NA,NA,NA,NA,NA,NA,NA,NA,NA,NA,NA
Ae7,1910,EA034,1,Baboa,bwaa1238,3,25,NA,NA,NA,NA,NA,NA,NA,NA,NA,NA,NA,NA,NA,NA,NA
Ae8,1910,EA034,2,Rundi,rund1242,-3,30,NA,NA,NA,NA,NA,NA,NA,NA,NA,NA,NA,NA,NA,NA,NA
Ae9,1950,EA034,3,Fut,bafu1246,6,10,NA,NA,NA,NA,NA,NA,NA,NA,NA,NA,NA,NA,NA,NA,NA
Af1,1890,EA034,1,Fon,fonn1241,7,2,SCCS18,1,1,1,2,2,1,3,3,1,Fon,7891901482,0.672336889,1.410109538,0.772019014
Af10,1930,EA034,2,Igbo,nucl1417,6,7,SCCS17,NA,NA,NA,NA,NA,NA,NA,NA,NA,Igbo,8374543041,0.705665753,1.509826467,0.784091609
Af11,1920,EA034,2,Toma,toma1245,11,-9,NA,NA,NA,NA,NA,NA,NA,NA,NA,NA,NA,NA,NA,NA,NA
Af12,NA,EA034,NA,Akyem,akye1239,7,-1,NA,NA,NA,NA,NA,NA,NA,NA,NA,NA,NA,NA,NA,NA,NA
Af13,1920,EA034,2,Ebira,ebir1243,8,7,NA,NA,NA,NA,NA,NA,NA,NA,NA,NA,NA,NA,NA,NA,NA
Af14,1930,EA034,2,Sherbro,sher1258,7.52,-12.69,NA,NA,NA,NA,NA,NA,NA,NA,NA,NA,NA,NA,NA,NA,NA
Af15,1920,EA034,2,Kpelle,libe1247,7,-9,NA,NA,NA,NA,NA,NA,NA,NA,NA,NA,NA,NA,NA,NA,NA
Af16,NA,EA034,NA,Banyang,keny1279,6,9,NA,NA,NA,NA,NA,NA,NA,NA,NA,NA,NA,NA,NA,NA,NA
Af17,NA,EA034,NA,Boki,boky1238,6,9,NA,NA,NA,NA,NA,NA,NA,NA,NA,NA,NA,NA,NA,NA,NA
Af18,NA,EA034,NA,Ekoi,ejag1239,6,8,NA,NA,NA,NA,NA,NA,NA,NA,NA,NA,NA,NA,NA,NA,NA
Af19,1950,EA034,2,Efik,efik1245,5,8,NA,NA,NA,NA,NA,NA,NA,NA,NA,NA,NA,NA,NA,NA,NA
Af2,NA,EA034,NA,Kissi,nort2765,9,-10,NA,NA,NA,NA,NA,NA,NA,NA,NA,NA,NA,NA,NA,NA,NA
Af20,1910,EA034,2,Ibibio,ibib1240,5,8,NA,NA,NA,NA,NA,NA,NA,NA,NA,NA,NA,NA,NA,NA,NA
Af21,NA,EA034,NA,Ijaw,kala1381,4.37,6.58,NA,NA,NA,NA,NA,NA,NA,NA,NA,NA,NA,NA,NA,NA,NA
Af22,1940,EA034,2,Itsekiri,isek1239,6,5,NA,NA,NA,NA,NA,NA,NA,NA,NA,NA,NA,NA,NA,NA,NA
Af23,1950,EA034,1,Afikpo,afik1238,6,8,NA,NA,NA,NA,NA,NA,NA,NA,NA,NA,NA,NA,NA,NA,NA
Af24,1900,EA034,2,Edo,bini1246,6,6,NA,NA,NA,NA,NA,NA,NA,NA,NA,NA,NA,NA,NA,NA,NA
Af25,1930,EA034,2,Isoko,isok1239,5,6,NA,NA,NA,NA,NA,NA,NA,NA,NA,NA,NA,NA,NA,NA,NA
Af26,NA,EA034,NA,Kukuruku,yekh1238,7,6,NA,NA,NA,NA,NA,NA,NA,NA,NA,NA,NA,NA,NA,NA,NA
Af27,NA,EA034,NA,Eloyi,eloy1241,8,8,NA,NA,NA,NA,NA,NA,NA,NA,NA,NA,NA,NA,NA,NA,NA
Af28,1910,EA034,3,Gbagyi,gbar1246,10,10,NA,NA,NA,NA,NA,NA,NA,NA,NA,NA,NA,NA,NA,NA,NA
Af29,NA,EA034,NA,Idoma,idom1241,7,8,NA,NA,NA,NA,NA,NA,NA,NA,NA,NA,NA,NA,NA,NA,NA
Af3,1900,EA034,2,Ashanti,asan1239,7,-2,SCCS19,1,1,2,2,2,2,4,2,3,Ashanti,6752452184,0.696104421,1.598963791,0.76971966
Af30,NA,EA034,NA,Igala,igal1242,7,7,NA,NA,NA,NA,NA,NA,NA,NA,NA,NA,NA,NA,NA,NA,NA
Af31,NA,EA034,NA,Koro,ashe1269,18,8,NA,NA,NA,NA,NA,NA,NA,NA,NA,NA,NA,NA,NA,NA,NA
Af32,1920,EA034,2,Egba,egba1238,7,3,NA,NA,NA,NA,NA,NA,NA,NA,NA,NA,NA,NA,NA,NA,NA
Af33,1950,EA034,2,Ekiti,ekit1244,8,5,NA,NA,NA,NA,NA,NA,NA,NA,NA,NA,NA,NA,NA,NA,NA
Af34,1930,EA034,2,Ife,ifee1241,7,5,NA,NA,NA,NA,NA,NA,NA,NA,NA,NA,NA,NA,NA,NA,NA
Af35,NA,EA034,NA,Adangme,adan1247,6,0,NA,NA,NA,NA,NA,NA,NA,NA,NA,NA,NA,NA,NA,NA,NA
Af36,1900,EA034,2,Ewe,aguu1242,7,1,NA,NA,NA,NA,NA,NA,NA,NA,NA,NA,NA,NA,NA,NA,NA
Af37,NA,EA034,NA,Buem,siwu1238,7.22,0.46,NA,NA,NA,NA,NA,NA,NA,NA,NA,NA,NA,NA,NA,NA,NA
Af38,NA,EA034,NA,Abron,abro1238,7.53,-2.15,NA,NA,NA,NA,NA,NA,NA,NA,NA,NA,NA,NA,NA,NA,NA
Af39,NA,EA034,NA,Anyi,anyi1245,7,-4,NA,NA,NA,NA,NA,NA,NA,NA,NA,NA,NA,NA,NA,NA,NA
Af4,1930,EA034,1,Yako,loka1252,6,8,NA,NA,NA,NA,NA,NA,NA,NA,NA,NA,NA,NA,NA,NA,NA
Af40,NA,EA034,NA,Assini,abur1243,5.27,-3.58,NA,NA,NA,NA,NA,NA,NA,NA,NA,NA,NA,NA,NA,NA,NA
Af41,NA,EA034,NA,Attie,atti1239,6,-4,NA,NA,NA,NA,NA,NA,NA,NA,NA,NA,NA,NA,NA,NA,NA
Af42,1900,EA034,2,Fante,fant1241,6,-1,NA,NA,NA,NA,NA,NA,NA,NA,NA,NA,NA,NA,NA,NA,NA
Af43,1930,EA034,1,Ga,gaaa1244,6,0,NA,NA,NA,NA,NA,NA,NA,NA,NA,NA,NA,NA,NA,NA,NA
Af44,NA,EA034,NA,Alagya,alla1248,5.22,-4.42,NA,NA,NA,NA,NA,NA,NA,NA,NA,NA,NA,NA,NA,NA,NA
Af45,NA,EA034,NA,Avikam,avik1243,5.15,-5.25,NA,NA,NA,NA,NA,NA,NA,NA,NA,NA,NA,NA,NA,NA,NA
Af46,NA,EA034,NA,Bakwe,bakw1243,5,-7,NA,NA,NA,NA,NA,NA,NA,NA,NA,NA,NA,NA,NA,NA,NA
Af47,NA,EA034,NA,Krahn,west2488,6,-8,NA,NA,NA,NA,NA,NA,NA,NA,NA,NA,NA,NA,NA,NA,NA
Af48,NA,EA034,NA,Kru,klao1243,5,-9,NA,NA,NA,NA,NA,NA,NA,NA,NA,NA,NA,NA,NA,NA,NA
Af49,NA,EA034,NA,Sapo,sapo1251,6,-9,NA,NA,NA,NA,NA,NA,NA,NA,NA,NA,NA,NA,NA,NA,NA
Af5,1930,EA034,2,Mende,mend1266,8,-11,SCCS20,NA,2,NA,1,3,1,3,3,1,Mende,57923937221,0.697608287,1.348242203,0.817180001
Af50,NA,EA034,NA,Dan,dann1241,8,-8,NA,NA,NA,NA,NA,NA,NA,NA,NA,NA,NA,NA,NA,NA,NA
Af51,NA,EA034,NA,Gagu,gagu1242,7,-6,NA,NA,NA,NA,NA,NA,NA,NA,NA,NA,NA,NA,NA,NA,NA
Af52,NA,EA034,NA,Guro,guro1248,7,-6,NA,NA,NA,NA,NA,NA,NA,NA,NA,NA,NA,NA,NA,NA,NA
Af53,1950,EA034,2,Tura,tour1242,8,-7,NA,NA,NA,NA,NA,NA,NA,NA,NA,NA,NA,NA,NA,NA,NA
Af54,1930,EA034,2,Gbande,band1352,8,-10,NA,NA,NA,NA,NA,NA,NA,NA,NA,NA,NA,NA,NA,NA,NA
Af55,NA,EA034,NA,Gola,gola1255,7,-11,NA,NA,NA,NA,NA,NA,NA,NA,NA,NA,NA,NA,NA,NA,NA
Af56,1930,EA034,2,Ngere,dann1241,7,-8,NA,NA,NA,NA,NA,NA,NA,NA,NA,NA,NA,NA,NA,NA,NA
Af57,1910,EA034,2,Temne,timn1235,8.46,-12.64,NA,NA,NA,NA,NA,NA,NA,NA,NA,NA,NA,NA,NA,NA,NA
Af58,NA,EA034,NA,Vai,vaii1241,6.89,-11.2,NA,NA,NA,NA,NA,NA,NA,NA,NA,NA,NA,NA,NA,NA,NA
Af6,1950,EA034,2,Oyo Yoruba,oyoo1238,8,4,NA,NA,NA,NA,NA,NA,NA,NA,NA,NA,NA,NA,NA,NA,NA
Af7,1950,EA034,1,Bete,dalo1238,6,-7,NA,NA,NA,NA,NA,NA,NA,NA,NA,NA,NA,NA,NA,NA,NA
Af8,1930,EA034,4,Nupe,nupe1254,9,6,NA,NA,NA,NA,NA,NA,NA,NA,NA,NA,NA,NA,NA,NA,NA
Af9,NA,EA034,NA,Baule,baou1238,8,-5,NA,NA,NA,NA,NA,NA,NA,NA,NA,NA,NA,NA,NA,NA,NA
Ag1,1920,EA034,1,Bambara,bamb1269,13,-7,SCCS22,NA,NA,NA,NA,NA,NA,NA,NA,NA,Bambara,9041559139,0.645309212,6.772644427,0.715705273
Ag10,1940,EA034,2,Konkomba,konk1269,10,0,NA,NA,NA,NA,NA,NA,NA,NA,NA,NA,NA,NA,NA,NA,NA
Ag11,NA,EA034,NA,Lobi,lobi1245,10,-4,NA,NA,NA,NA,NA,NA,NA,NA,NA,NA,NA,NA,NA,NA,NA
Ag12,1910,EA034,2,Nankanse,nank1249,10,-1,NA,NA,NA,NA,NA,NA,NA,NA,NA,NA,NA,NA,NA,NA,NA
Ag13,NA,EA034,NA,Kasena,kase1253,11,-1,NA,NA,NA,NA,NA,NA,NA,NA,NA,NA,NA,NA,NA,NA,NA
Ag14,NA,EA034,NA,Baga,mbul1258,10,-14,NA,NA,NA,NA,NA,NA,NA,NA,NA,NA,NA,NA,NA,NA,NA
Ag15,NA,EA034,NA,Balanta,bala1301,12,-16,NA,NA,NA,NA,NA,NA,NA,NA,NA,NA,NA,NA,NA,NA,NA
Ag16,NA,EA034,NA,Banyun,bain1259,12,-16,NA,NA,NA,NA,NA,NA,NA,NA,NA,NA,NA,NA,NA,NA,NA
Ag17,NA,EA034,NA,Biafada,biaf1240,12,-15,NA,NA,NA,NA,NA,NA,NA,NA,NA,NA,NA,NA,NA,NA,NA
Ag18,NA,EA034,NA,Bijogo,bidy1244,11.1,-16.15,NA,NA,NA,NA,NA,NA,NA,NA,NA,NA,NA,NA,NA,NA,NA
Ag19,NA,EA034,NA,Diola,ejam1238,12.88,-16.19,NA,NA,NA,NA,NA,NA,NA,NA,NA,NA,NA,NA,NA,NA,NA
Ag2,1950,EA034,2,Mossi (Yatenga),moss1236,13,-2,NA,NA,NA,NA,NA,NA,NA,NA,NA,NA,NA,NA,NA,NA,NA
Ag20,NA,EA034,NA,Papel,pape1239,12,-16,NA,NA,NA,NA,NA,NA,NA,NA,NA,NA,NA,NA,NA,NA,NA
Ag21,1910,EA034,2,Bassari,bass1258,12,-13,NA,NA,NA,NA,NA,NA,NA,NA,NA,NA,NA,NA,NA,NA,NA
Ag22,NA,EA034,NA,Serer,sere1260,14,-12,NA,NA,NA,NA,NA,NA,NA,NA,NA,NA,NA,NA,NA,NA,NA
Ag23,NA,EA034,NA,Kasonke,xaas1235,13,-11,NA,NA,NA,NA,NA,NA,NA,NA,NA,NA,NA,NA,NA,NA,NA
Ag24,NA,EA034,NA,Koranko,kura1250,9,-11,NA,NA,NA,NA,NA,NA,NA,NA,NA,NA,NA,NA,NA,NA,NA
Ag25,1900,EA034,4,Soninke,soni1259,15,10,NA,NA,NA,NA,NA,NA,NA,NA,NA,NA,NA,NA,NA,NA,NA
Ag26,NA,EA034,NA,Susu,susu1250,15,-13,NA,NA,NA,NA,NA,NA,NA,NA,NA,NA,NA,NA,NA,NA,NA
Ag27,1910,EA034,4,Diula,dyul1238,9,-4,NA,NA,NA,NA,NA,NA,NA,NA,NA,NA,NA,NA,NA,NA,NA
Ag28,1930,EA034,4,Nononke,jena1242,14,-4,NA,NA,NA,NA,NA,NA,NA,NA,NA,NA,NA,NA,NA,NA,NA
Ag29,NA,EA034,NA,Samo,sout2844,13,-3,NA,NA,NA,NA,NA,NA,NA,NA,NA,NA,NA,NA,NA,NA,NA
Ag3,NA,EA034,NA,Dogon,bank1259,15,-3,NA,NA,NA,NA,NA,NA,NA,NA,NA,NA,NA,NA,NA,NA,NA
Ag30,NA,EA034,NA,Bobo,nort2819,13,-4,NA,NA,NA,NA,NA,NA,NA,NA,NA,NA,NA,NA,NA,NA,NA
Ag31,NA,EA034,NA,Minianka,mama1271,12,-6,NA,NA,NA,NA,NA,NA,NA,NA,NA,NA,NA,NA,NA,NA,NA
Ag32,NA,EA034,NA,Senufo,ceba1235,10,-6,NA,NA,NA,NA,NA,NA,NA,NA,NA,NA,NA,NA,NA,NA,NA
Ag33,NA,EA034,NA,Dyan,dyan1251,11,-3,NA,NA,NA,NA,NA,NA,NA,NA,NA,NA,NA,NA,NA,NA,NA
Ag34,NA,EA034,NA,Dorosie,dogo1295,11,-4,NA,NA,NA,NA,NA,NA,NA,NA,NA,NA,NA,NA,NA,NA,NA
Ag35,NA,EA034,NA,Kulango,boun1243,7,-3,NA,NA,NA,NA,NA,NA,NA,NA,NA,NA,NA,NA,NA,NA,NA
Ag36,NA,EA034,NA,Lowiili,sout2790,11,-3,NA,NA,NA,NA,NA,NA,NA,NA,NA,NA,NA,NA,NA,NA,NA
Ag37,NA,EA034,NA,Awuna,angl1262,11,-2,NA,NA,NA,NA,NA,NA,NA,NA,NA,NA,NA,NA,NA,NA,NA
Ag38,NA,EA034,NA,Builsa,buli1254,11,-2,NA,NA,NA,NA,NA,NA,NA,NA,NA,NA,NA,NA,NA,NA,NA
Ag39,NA,EA034,NA,Dagara,sout2789,11,-3,NA,NA,NA,NA,NA,NA,NA,NA,NA,NA,NA,NA,NA,NA,NA
Ag4,1930,EA034,1,Tallensi,taln1239,11,-1,SCCS23,1,1,1,1,3,1,4,2,1,Tallensi,8784440210,0.634377422,3.811400769,0.727287881
Ag40,NA,EA034,NA,Isala,tumu1242,10,-2,NA,NA,NA,NA,NA,NA,NA,NA,NA,NA,NA,NA,NA,NA,NA
Ag41,1920,EA034,2,Kusasi,kusa1250,11,0,NA,NA,NA,NA,NA,NA,NA,NA,NA,NA,NA,NA,NA,NA,NA
Ag42,NA,EA034,NA,Nunuma,sout2795,12,-3,NA,NA,NA,NA,NA,NA,NA,NA,NA,NA,NA,NA,NA,NA,NA
Ag43,NA,EA034,NA,Vagala,vagl1239,8,-2,NA,NA,NA,NA,NA,NA,NA,NA,NA,NA,NA,NA,NA,NA,NA
Ag44,NA,EA034,NA,Dagomba,dagb1246,9,0,NA,NA,NA,NA,NA,NA,NA,NA,NA,NA,NA,NA,NA,NA,NA
Ag45,NA,EA034,NA,Gurma,gour1243,12,2,NA,NA,NA,NA,NA,NA,NA,NA,NA,NA,NA,NA,NA,NA,NA
Ag46,NA,EA034,NA,Manprusi,mamp1244,10,-1,NA,NA,NA,NA,NA,NA,NA,NA,NA,NA,NA,NA,NA,NA,NA
Ag47,1900,EA034,2,Mossi (Ouagadougou),moss1236,12,-2,NA,NA,NA,NA,NA,NA,NA,NA,NA,NA,NA,NA,NA,NA,NA
Ag48,NA,EA034,NA,Basari,ntch1242,9,1,NA,NA,NA,NA,NA,NA,NA,NA,NA,NA,NA,NA,NA,NA,NA
Ag49,1930,EA034,2,Kabre,kabi1261,10,2,NA,NA,NA,NA,NA,NA,NA,NA,NA,NA,NA,NA,NA,NA,NA
Ag5,1930,EA034,2,Birifor,sout2790,10,-3,NA,NA,NA,NA,NA,NA,NA,NA,NA,NA,NA,NA,NA,NA,NA
Ag50,1910,EA034,2,Moba,moba1244,11,1,NA,NA,NA,NA,NA,NA,NA,NA,NA,NA,NA,NA,NA,NA,NA
Ag51,NA,EA034,NA,Somba,dita1238,11,1,NA,NA,NA,NA,NA,NA,NA,NA,NA,NA,NA,NA,NA,NA,NA
Ag52,1950,EA034,2,Tem,temm1241,11,1,NA,NA,NA,NA,NA,NA,NA,NA,NA,NA,NA,NA,NA,NA,NA
Ag53,1960,EA034,2,Bisa,biss1248,12,0,NA,NA,NA,NA,NA,NA,NA,NA,NA,NA,NA,NA,NA,NA,NA
Ag54,1910,EA034,4,Yalunka,yalu1240,10,-12,NA,NA,NA,NA,NA,NA,NA,NA,NA,NA,NA,NA,NA,NA,NA
Ag6,1890,EA034,4,Futajalonke,pula1262,11,-13,NA,NA,NA,NA,NA,NA,NA,NA,NA,NA,NA,NA,NA,NA,NA
Ag7,1930,EA034,4,Bozo,tiey1235,14,-5,NA,NA,NA,NA,NA,NA,NA,NA,NA,NA,NA,NA,NA,NA,NA
Ag8,1910,EA034,2,Coniagui,wame1240,13,-13,NA,NA,NA,NA,NA,NA,NA,NA,NA,NA,NA,NA,NA,NA,NA
Ag9,NA,EA034,NA,Malinke,kita1249,11,-9,NA,NA,NA,NA,NA,NA,NA,NA,NA,NA,NA,NA,NA,NA,NA
Ah1,1930,EA034,3,Katab,kata1265,10,8,NA,NA,NA,NA,NA,NA,NA,NA,NA,NA,NA,NA,NA,NA,NA
Ah10,1920,EA034,3,Chawai,atsa1241,10,9,NA,NA,NA,NA,NA,NA,NA,NA,NA,NA,NA,NA,NA,NA,NA
Ah11,1950,EA034,2,Basa,basa1282,8,8,NA,NA,NA,NA,NA,NA,NA,NA,NA,NA,NA,NA,NA,NA,NA
Ah12,NA,EA034,NA,Basakomo,basa1282,8,7,NA,NA,NA,NA,NA,NA,NA,NA,NA,NA,NA,NA,NA,NA,NA
Ah13,1930,EA034,2,Dakakari,clel1238,12,5,NA,NA,NA,NA,NA,NA,NA,NA,NA,NA,NA,NA,NA,NA,NA
Ah14,1920,EA034,2,Kamuku,cind1241,11,6,NA,NA,NA,NA,NA,NA,NA,NA,NA,NA,NA,NA,NA,NA,NA
Ah15,NA,EA034,NA,Reshe,resh1242,11,5,NA,NA,NA,NA,NA,NA,NA,NA,NA,NA,NA,NA,NA,NA,NA
Ah16,NA,EA034,NA,Angas,ngas1240,9,9,NA,NA,NA,NA,NA,NA,NA,NA,NA,NA,NA,NA,NA,NA,NA
Ah17,1930,EA034,1,Birom,bero1242,10,9,NA,NA,NA,NA,NA,NA,NA,NA,NA,NA,NA,NA,NA,NA,NA
Ah18,NA,EA034,NA,Burmawa,bogh1241,10,10,NA,NA,NA,NA,NA,NA,NA,NA,NA,NA,NA,NA,NA,NA,NA
Ah19,1930,EA034,2,Adara,kada1284,10,8,NA,NA,NA,NA,NA,NA,NA,NA,NA,NA,NA,NA,NA,NA,NA
Ah2,NA,EA034,NA,Jukun,juku1254,8,10,NA,NA,NA,NA,NA,NA,NA,NA,NA,NA,NA,NA,NA,NA,NA
Ah20,1920,EA034,2,Kagoro,kago1246,10,8,NA,NA,NA,NA,NA,NA,NA,NA,NA,NA,NA,NA,NA,NA,NA
Ah21,NA,EA034,NA,Kurama,kura1249,10,9,NA,NA,NA,NA,NA,NA,NA,NA,NA,NA,NA,NA,NA,NA,NA
Ah22,NA,EA034,NA,Yergum,taro1263,9,10,NA,NA,NA,NA,NA,NA,NA,NA,NA,NA,NA,NA,NA,NA,NA
Ah23,NA,EA034,NA,Jibu,jibu1239,8,11,NA,NA,NA,NA,NA,NA,NA,NA,NA,NA,NA,NA,NA,NA,NA
Ah24,NA,EA034,NA,Kentu,etky1238,7,10,NA,NA,NA,NA,NA,NA,NA,NA,NA,NA,NA,NA,NA,NA,NA
Ah25,NA,EA034,NA,Tigon,tigo1236,17,11,NA,NA,NA,NA,NA,NA,NA,NA,NA,NA,NA,NA,NA,NA,NA
Ah26,NA,EA034,NA,Ndoro,ndoo1241,7,11,NA,NA,NA,NA,NA,NA,NA,NA,NA,NA,NA,NA,NA,NA,NA
Ah27,NA,EA034,NA,Zuande,bita1251,7,11,NA,NA,NA,NA,NA,NA,NA,NA,NA,NA,NA,NA,NA,NA,NA
Ah28,NA,EA034,NA,Chamba,samb1305,8,11,NA,NA,NA,NA,NA,NA,NA,NA,NA,NA,NA,NA,NA,NA,NA
Ah29,NA,EA034,NA,Daka,samb1311,8,11,NA,NA,NA,NA,NA,NA,NA,NA,NA,NA,NA,NA,NA,NA,NA
Ah3,1920,EA034,1,Tiv,tivv1240,7,9,SCCS16,2,2,1,1,3,1,2,1,4,Tiv,12760382786,0.650224499,1.91335105,0.770463564
Ah30,NA,EA034,NA,Longuda,long1389,10,12,NA,NA,NA,NA,NA,NA,NA,NA,NA,NA,NA,NA,NA,NA,NA
Ah31,NA,EA034,NA,Mumuye,nucl1240,9,12,NA,NA,NA,NA,NA,NA,NA,NA,NA,NA,NA,NA,NA,NA,NA
Ah32,NA,EA034,NA,Vere,momj1237,9,13,NA,NA,NA,NA,NA,NA,NA,NA,NA,NA,NA,NA,NA,NA,NA
Ah33,NA,EA034,NA,Yungur,bena1260,10,12,NA,NA,NA,NA,NA,NA,NA,NA,NA,NA,NA,NA,NA,NA,NA
Ah34,NA,EA034,NA,Bata,bata1314,10,13,NA,NA,NA,NA,NA,NA,NA,NA,NA,NA,NA,NA,NA,NA,NA
Ah35,NA,EA034,NA,Bura,bura1292,10,12,NA,NA,NA,NA,NA,NA,NA,NA,NA,NA,NA,NA,NA,NA,NA
Ah36,1920,EA034,2,Gude,gude1246,10,13,NA,NA,NA,NA,NA,NA,NA,NA,NA,NA,NA,NA,NA,NA,NA
Ah37,NA,EA034,NA,Hwana,hwan1240,10,13,NA,NA,NA,NA,NA,NA,NA,NA,NA,NA,NA,NA,NA,NA,NA
Ah38,1930,EA034,2,Kapsiki,psik1239,11,14,NA,NA,NA,NA,NA,NA,NA,NA,NA,NA,NA,NA,NA,NA,NA
Ah39,1950,EA034,2,Podokwo,park1239,11,14,NA,NA,NA,NA,NA,NA,NA,NA,NA,NA,NA,NA,NA,NA,NA
Ah4,NA,EA034,NA,Mambila,came1252,7,12,NA,NA,NA,NA,NA,NA,NA,NA,NA,NA,NA,NA,NA,NA,NA
Ah5,NA,EA034,NA,Margi,marg1265,11,13,NA,NA,NA,NA,NA,NA,NA,NA,NA,NA,NA,NA,NA,NA,NA
Ah6,1920,EA034,2,Gure,gbir1241,10,8,NA,NA,NA,NA,NA,NA,NA,NA,NA,NA,NA,NA,NA,NA,NA
Ah7,1940,EA034,2,Mafa,mafa1239,11,14,NA,NA,NA,NA,NA,NA,NA,NA,NA,NA,NA,NA,NA,NA,NA
Ah8,NA,EA034,NA,Bafute,vute1244,6,12,NA,NA,NA,NA,NA,NA,NA,NA,NA,NA,NA,NA,NA,NA,NA
Ah9,1920,EA034,3,Anaguta,igut1238,10,9,NA,NA,NA,NA,NA,NA,NA,NA,NA,NA,NA,NA,NA,NA,NA
Ai1,1920,EA034,2,Banda,west2458,7,22,NA,NA,NA,NA,NA,NA,NA,NA,NA,NA,NA,NA,NA,NA,NA
Ai10,NA,EA034,NA,Otoro,otor1240,12,31,SCCS30,1,1,1,1,4,1,2,3,1,Otoro,5077602208,0.654283409,4.111629945,0.720400228
Ai11,1900,EA034,2,Mangbetu,nucl1420,3,28,NA,NA,NA,NA,NA,NA,NA,NA,NA,NA,NA,NA,NA,NA,NA
Ai12,1950,EA034,2,Fali,sout2782,10,14,NA,NA,NA,NA,NA,NA,NA,NA,NA,NA,NA,NA,NA,NA,NA
Ai13,NA,EA034,NA,Laka,laka1254,8,16,NA,NA,NA,NA,NA,NA,NA,NA,NA,NA,NA,NA,NA,NA,NA
Ai14,1920,EA034,2,Mbum,mbum1254,7,14,NA,NA,NA,NA,NA,NA,NA,NA,NA,NA,NA,NA,NA,NA,NA
Ai15,1900,EA034,2,Mundang,mund1325,10,14,NA,NA,NA,NA,NA,NA,NA,NA,NA,NA,NA,NA,NA,NA,NA
Ai16,1910,EA034,1,Namshi,doya1240,9,13,NA,NA,NA,NA,NA,NA,NA,NA,NA,NA,NA,NA,NA,NA,NA
Ai17,1930,EA034,2,Gisiga,sout3051,10,14,NA,NA,NA,NA,NA,NA,NA,NA,NA,NA,NA,NA,NA,NA,NA
Ai18,1880,EA034,4,Kotoko,lagw1237,12,15,NA,NA,NA,NA,NA,NA,NA,NA,NA,NA,NA,NA,NA,NA,NA
Ai19,NA,EA034,NA,Musgu,musg1254,11,15,NA,NA,NA,NA,NA,NA,NA,NA,NA,NA,NA,NA,NA,NA,NA
Ai2,NA,EA034,NA,Nyaro,kooo1244,11,31,NA,NA,NA,NA,NA,NA,NA,NA,NA,NA,NA,NA,NA,NA,NA
Ai20,1910,EA034,3,Tupuri,tupu1244,10,15,NA,NA,NA,NA,NA,NA,NA,NA,NA,NA,NA,NA,NA,NA,NA
Ai21,1880,EA034,4,Bagirmi,bagi1246,11,17,NA,NA,NA,NA,NA,NA,NA,NA,NA,NA,NA,NA,NA,NA,NA
Ai22,NA,EA034,NA,Sara,sarr1246,9,18,NA,NA,NA,NA,NA,NA,NA,NA,NA,NA,NA,NA,NA,NA,NA
Ai23,1920,EA034,2,Bwaka,ngba1284,3,19,NA,NA,NA,NA,NA,NA,NA,NA,NA,NA,NA,NA,NA,NA,NA
Ai24,NA,EA034,NA,Mandja,manz1243,6,18,NA,NA,NA,NA,NA,NA,NA,NA,NA,NA,NA,NA,NA,NA,NA
Ai25,1950,EA034,2,Mbandja,mban1263,4,21,NA,NA,NA,NA,NA,NA,NA,NA,NA,NA,NA,NA,NA,NA,NA
Ai26,1920,EA034,2,Ngbandi,nort2774,4,22,NA,NA,NA,NA,NA,NA,NA,NA,NA,NA,NA,NA,NA,NA,NA
Ai27,NA,EA034,NA,Abarambo,bara1361,4,27,NA,NA,NA,NA,NA,NA,NA,NA,NA,NA,NA,NA,NA,NA,NA
Ai28,1910,EA034,2,Popoi,popo1291,2,26,NA,NA,NA,NA,NA,NA,NA,NA,NA,NA,NA,NA,NA,NA,NA
Ai29,1920,EA034,2,Lendu,lend1245,2,30,NA,NA,NA,NA,NA,NA,NA,NA,NA,NA,NA,NA,NA,NA,NA
Ai3,1920,EA034,3,Azande,zand1248,5,27,SCCS28,2,1,2,1,2,1,2,3,4,Azande,12359177298,0.706924385,1.248615236,0.776169832
Ai30,1920,EA034,2,Lese,lese1243,2,29,NA,NA,NA,NA,NA,NA,NA,NA,NA,NA,NA,NA,NA,NA,NA
Ai31,1920,EA034,2,Logo,logo1259,3,30,NA,NA,NA,NA,NA,NA,NA,NA,NA,NA,NA,NA,NA,NA,NA
Ai32,1920,EA034,2,Lugbara,lugb1240,3,32,NA,NA,NA,NA,NA,NA,NA,NA,NA,NA,NA,NA,NA,NA,NA
Ai33,1940,EA034,2,Madi,madi1260,4,32,NA,NA,NA,NA,NA,NA,NA,NA,NA,NA,NA,NA,NA,NA,NA
Ai34,NA,EA034,NA,Moru,moru1253,5,30,NA,NA,NA,NA,NA,NA,NA,NA,NA,NA,NA,NA,NA,NA,NA
Ai35,1870,EA034,2,Bongo,bong1285,7,29,NA,NA,NA,NA,NA,NA,NA,NA,NA,NA,NA,NA,NA,NA,NA
Ai36,NA,EA034,NA,Jur,luwo1239,8,28,NA,NA,NA,NA,NA,NA,NA,NA,NA,NA,NA,NA,NA,NA,NA
Ai37,NA,EA034,NA,Koalib,koal1240,12,31,NA,NA,NA,NA,NA,NA,NA,NA,NA,NA,NA,NA,NA,NA,NA
Ai38,NA,EA034,NA,Korongo,kron1241,10,30,NA,NA,NA,NA,NA,NA,NA,NA,NA,NA,NA,NA,NA,NA,NA
Ai39,NA,EA034,NA,Mesakin,ngil1242,11,30,NA,NA,NA,NA,NA,NA,NA,NA,NA,NA,NA,NA,NA,NA,NA
Ai4,NA,EA034,NA,Ingassana,gaam1241,11,34,NA,NA,NA,NA,NA,NA,NA,NA,NA,NA,NA,NA,NA,NA,NA
Ai40,NA,EA034,NA,Moro,moro1285,11,30,NA,NA,NA,NA,NA,NA,NA,NA,NA,NA,NA,NA,NA,NA,NA
Ai41,NA,EA034,NA,Tira,tira1254,11,30,NA,NA,NA,NA,NA,NA,NA,NA,NA,NA,NA,NA,NA,NA,NA
Ai42,NA,EA034,NA,Tullishi,tuli1249,12,29,NA,NA,NA,NA,NA,NA,NA,NA,NA,NA,NA,NA,NA,NA,NA
Ai43,NA,EA034,NA,Nyimang,amas1236,12,29,NA,NA,NA,NA,NA,NA,NA,NA,NA,NA,NA,NA,NA,NA,NA
Ai44,NA,EA034,NA,Anuak,anua1242,8,34,NA,NA,NA,NA,NA,NA,NA,NA,NA,NA,NA,NA,NA,NA,NA
Ai45,NA,EA034,NA,Meban,maba1273,10,34,NA,NA,NA,NA,NA,NA,NA,NA,NA,NA,NA,NA,NA,NA,NA
Ai46,NA,EA034,NA,Koma,komo1258,9,35,NA,NA,NA,NA,NA,NA,NA,NA,NA,NA,NA,NA,NA,NA,NA
Ai47,1939,EA034,2,Mao,hozo1236,9,35,SCCS32,1,1,1,1,1,1,3,1,3,Mao,15401726272,0.633592306,2.312127458,0.760789842
Ai5,1920,EA034,2,Mamvu,mamv1243,3,29,NA,NA,NA,NA,NA,NA,NA,NA,NA,NA,NA,NA,NA,NA,NA
Ai6,1900,EA034,2,Shilluk,shil1265,10,32,SCCS31,1,1,2,1,2,1,4,2,3,Shilluk,7214008844,0.684027611,3.949376672,0.759379602
Ai7,1910,EA034,2,Gbaya,nort2775,6,16,NA,NA,NA,NA,NA,NA,NA,NA,NA,NA,NA,NA,NA,NA,NA
Ai8,NA,EA034,NA,Dilling,dill1242,12,30,NA,NA,NA,NA,NA,NA,NA,NA,NA,NA,NA,NA,NA,NA,NA
Ai9,1910,EA034,2,Masa,masa1322,10,16,SCCS27,1,1,1,1,1,1,4,3,1,Masa,6003048458,0.651249858,3.824770455,0.721990878
Aj1,1950,EA034,2,Teso,teso1249,2,34,NA,NA,NA,NA,NA,NA,NA,NA,NA,NA,NA,NA,NA,NA,NA
Aj10,1920,EA034,2,Acholi,dhop1238,3,32,NA,NA,NA,NA,NA,NA,NA,NA,NA,NA,NA,NA,NA,NA,NA
Aj11,1900,EA034,2,Dinka,sout2832,9,29,NA,NA,NA,NA,NA,NA,NA,NA,NA,NA,NA,NA,NA,NA,NA
Aj12,1920,EA034,3,Lotuko,otuh1238,4,33,NA,NA,NA,NA,NA,NA,NA,NA,NA,NA,NA,NA,NA,NA,NA
Aj13,1930,EA034,2,Pojulu,poju1239,4,31,NA,NA,NA,NA,NA,NA,NA,NA,NA,NA,NA,NA,NA,NA,NA
Aj14,1931,EA034,2,Kakwa,kakw1240,4,31,NA,NA,NA,NA,NA,NA,NA,NA,NA,NA,NA,NA,NA,NA,NA
Aj15,1900,EA034,2,Kuku,kuku1285,4,32,NA,NA,NA,NA,NA,NA,NA,NA,NA,NA,NA,NA,NA,NA,NA
Aj16,NA,EA034,NA,Mondari,mand1425,6,31,NA,NA,NA,NA,NA,NA,NA,NA,NA,NA,NA,NA,NA,NA,NA
Aj17,1890,EA034,2,Alur,alur1250,2,31,NA,NA,NA,NA,NA,NA,NA,NA,NA,NA,NA,NA,NA,NA,NA
Aj18,1950,EA034,2,Bodi,meen1242,5,35,NA,NA,NA,NA,NA,NA,NA,NA,NA,NA,NA,NA,NA,NA,NA
Aj19,NA,EA034,NA,Didinga,didi1258,4,34,NA,NA,NA,NA,NA,NA,NA,NA,NA,NA,NA,NA,NA,NA,NA
Aj2,NA,EA034,NA,Maasi,masa1300,-2,36,SCCS34,2,1,1,NA,NA,NA,NA,NA,NA,Maasi,4960612801,0.696066264,3.28556643,0.75700962
Aj20,1940,EA034,2,Suri,suri1267,6,35,NA,NA,NA,NA,NA,NA,NA,NA,NA,NA,NA,NA,NA,NA,NA
Aj21,1930,EA034,3,Jie,jiee1239,3,34,NA,NA,NA,NA,NA,NA,NA,NA,NA,NA,NA,NA,NA,NA,NA
Aj22,NA,EA034,NA,Labwor,labw1238,3,34,NA,NA,NA,NA,NA,NA,NA,NA,NA,NA,NA,NA,NA,NA,NA
Aj23,1950,EA034,2,Plains Suk,east2420,1,36,NA,NA,NA,NA,NA,NA,NA,NA,NA,NA,NA,NA,NA,NA,NA
Aj24,1930,EA034,2,Toposa,topo1242,5,34,NA,NA,NA,NA,NA,NA,NA,NA,NA,NA,NA,NA,NA,NA,NA
Aj25,NA,EA034,NA,Keyu,keiy1238,0,36,NA,NA,NA,NA,NA,NA,NA,NA,NA,NA,NA,NA,NA,NA,NA
Aj26,1910,EA034,2,Hill Suk,west2492,1,36,NA,NA,NA,NA,NA,NA,NA,NA,NA,NA,NA,NA,NA,NA,NA
Aj27,NA,EA034,NA,Sapei,kups1238,1,35,NA,NA,NA,NA,NA,NA,NA,NA,NA,NA,NA,NA,NA,NA,NA
Aj28,NA,EA034,NA,Tatoga,dato1239,-5,35,NA,NA,NA,NA,NA,NA,NA,NA,NA,NA,NA,NA,NA,NA,NA
Aj29,NA,EA034,NA,Samburu,samb1315,1,37,NA,NA,NA,NA,NA,NA,NA,NA,NA,NA,NA,NA,NA,NA,NA
Aj3,1930,EA034,4,Nuer,nuer1246,8,32,NA,NA,NA,NA,NA,NA,NA,NA,NA,NA,NA,NA,NA,NA,NA
Aj30,NA,EA034,NA,Karamojong,nucl1430,2,34,NA,NA,NA,NA,NA,NA,NA,NA,NA,NA,NA,NA,NA,NA,NA
Aj31,NA,EA034,NA,Pari,pari1256,5,33,NA,NA,NA,NA,NA,NA,NA,NA,NA,NA,NA,NA,NA,NA,NA
Aj4,1920,EA034,3,Lango,lang1324,2,33,NA,NA,NA,NA,NA,NA,NA,NA,NA,NA,NA,NA,NA,NA,NA
Aj5,1920,EA034,3,Turkana,turk1308,4,35,NA,NA,NA,NA,NA,NA,NA,NA,NA,NA,NA,NA,NA,NA,NA
Aj6,1940,EA034,2,Luo,luok1236,-1,34,NA,NA,NA,NA,NA,NA,NA,NA,NA,NA,NA,NA,NA,NA,NA
Aj7,1910,EA034,2,Nandi,nand1266,0,35,NA,NA,NA,NA,NA,NA,NA,NA,NA,NA,NA,NA,NA,NA,NA
Aj8,1920,EA034,2,Bari,ligo1238,5,32,NA,NA,NA,NA,NA,NA,NA,NA,NA,NA,NA,NA,NA,NA,NA
Aj9,1920,EA034,2,Kipsigis,kips1239,-1,36,NA,NA,NA,NA,NA,NA,NA,NA,NA,NA,NA,NA,NA,NA,NA
Ca1,1930,EA034,2,Konso,kons1243,6,37,SCCS35,NA,NA,NA,NA,NA,NA,NA,NA,NA,Konso,3899447287,0.555400858,3.600164802,0.737532985
Ca10,1880,EA034,4,Somali (Esa),nort3051,10,43,SCCS36,NA,1,1,1,1,1,4,2,2,Somali (Dolbahanta),1958075071,0.59800992100000006,6.748995934,0.723550239
Ca11,1890,EA034,2,Arusi,bora1271,8,40,NA,NA,NA,NA,NA,NA,NA,NA,NA,NA,NA,NA,NA,NA,NA
Ca12,1880,EA034,4,Gibe,west2721,8,37,NA,NA,NA,NA,NA,NA,NA,NA,NA,NA,NA,NA,NA,NA,NA
Ca13,NA,EA034,NA,Macha,west2721,9,37,NA,NA,NA,NA,NA,NA,NA,NA,NA,NA,NA,NA,NA,NA,NA
Ca14,1950,EA034,2,Burji,burj1242,5,38,NA,NA,NA,NA,NA,NA,NA,NA,NA,NA,NA,NA,NA,NA,NA
Ca15,NA,EA034,NA,Darasa,gede1246,6,38,NA,NA,NA,NA,NA,NA,NA,NA,NA,NA,NA,NA,NA,NA,NA
Ca16,1930,EA034,2,Sidama,sida1246,7,38,NA,NA,NA,NA,NA,NA,NA,NA,NA,NA,NA,NA,NA,NA,NA
Ca17,NA,EA034,NA,Tsamai,tsam1247,5,37,NA,NA,NA,NA,NA,NA,NA,NA,NA,NA,NA,NA,NA,NA,NA
Ca18,1940,EA034,2,Arbore,arbo1245,5,37,NA,NA,NA,NA,NA,NA,NA,NA,NA,NA,NA,NA,NA,NA,NA
Ca19,1950,EA034,2,Banna,hame1242,6,36,NA,NA,NA,NA,NA,NA,NA,NA,NA,NA,NA,NA,NA,NA,NA
Ca2,1950,EA034,4,Somali (Dolbahanta),nort3051,8,48,SCCS36,NA,1,1,1,1,1,4,2,2,Somali (Dolbahanta),1958075071,0.59800992100000006,6.748995934,0.723550239
Ca20,1890,EA034,2,Galab,daas1238,5,36,NA,NA,NA,NA,NA,NA,NA,NA,NA,NA,NA,NA,NA,NA,NA
Ca21,1950,EA034,2,Hamar,hame1242,5,36,NA,NA,NA,NA,NA,NA,NA,NA,NA,NA,NA,NA,NA,NA,NA
Ca22,1950,EA034,2,Male,male1284,6,37,NA,NA,NA,NA,NA,NA,NA,NA,NA,NA,NA,NA,NA,NA,NA
Ca23,1950,EA034,2,Bako,aari1239,6,37,NA,NA,NA,NA,NA,NA,NA,NA,NA,NA,NA,NA,NA,NA,NA
Ca24,1950,EA034,2,Dime,dime1235,6,36,NA,NA,NA,NA,NA,NA,NA,NA,NA,NA,NA,NA,NA,NA,NA
Ca25,1950,EA034,1,Shangama,aari1239,6,37,NA,NA,NA,NA,NA,NA,NA,NA,NA,NA,NA,NA,NA,NA,NA
Ca26,1950,EA034,1,Ubamer,aari1239,6,37,NA,NA,NA,NA,NA,NA,NA,NA,NA,NA,NA,NA,NA,NA,NA
Ca27,1930,EA034,2,Anfillo,anfi1235,9,35,NA,NA,NA,NA,NA,NA,NA,NA,NA,NA,NA,NA,NA,NA,NA
Ca28,1950,EA034,2,Basketo,bask1236,6,37,NA,NA,NA,NA,NA,NA,NA,NA,NA,NA,NA,NA,NA,NA,NA
Ca29,1920,EA034,3,Yem,toba1264,8,38,NA,NA,NA,NA,NA,NA,NA,NA,NA,NA,NA,NA,NA,NA,NA
Ca3,1950,EA034,4,Tigrinya,tigr1271,14,39,NA,NA,NA,NA,NA,NA,NA,NA,NA,NA,NA,NA,NA,NA,NA
Ca30,1890,EA034,2,Kafa,kafa1242,7,36,SCCS33,1,1,1,1,1,1,4,1,3,Kafa,9764798501,0.583572143,1.662060994,0.771284088
Ca31,1860,EA034,4,Beta Israel,qima1242,12,37,NA,NA,NA,NA,NA,NA,NA,NA,NA,NA,NA,NA,NA,NA,NA
Ca32,NA,EA034,NA,Nara,nara1262,16,38,NA,NA,NA,NA,NA,NA,NA,NA,NA,NA,NA,NA,NA,NA,NA
Ca33,NA,EA034,NA,Kunama,kuna1268,15,37,NA,NA,NA,NA,NA,NA,NA,NA,NA,NA,NA,NA,NA,NA,NA
Ca34,1920,EA034,4,Ababda,abab1239,24,34,NA,NA,NA,NA,NA,NA,NA,NA,NA,NA,NA,NA,NA,NA,NA
Ca35,1930,EA034,4,Amarar,amar1281,20,36,NA,NA,NA,NA,NA,NA,NA,NA,NA,NA,NA,NA,NA,NA,NA
Ca36,1860,EA034,4,Beni-Amer,mans1267,18,38,NA,NA,NA,NA,NA,NA,NA,NA,NA,NA,NA,NA,NA,NA,NA
Ca37,1850,EA034,4,Blin,bili1260,16,36,SCCS38,NA,NA,NA,NA,NA,NA,NA,NA,NA,Blin,772235381.7,0.525404796,10.82162915,0.686102834
Ca38,1860,EA034,4,Tigre,mans1267,17,39,NA,NA,NA,NA,NA,NA,NA,NA,NA,NA,NA,NA,NA,NA,NA
Ca39,1930,EA034,4,Jimma,west2721,8,37,NA,NA,NA,NA,NA,NA,NA,NA,NA,NA,NA,NA,NA,NA,NA
Ca4,NA,EA034,NA,Iraqw,iraq1241,-4,35,NA,NA,NA,NA,NA,NA,NA,NA,NA,NA,NA,NA,NA,NA,NA
Ca40,1950,EA034,2,Baditu,koor1239,6,38,NA,NA,NA,NA,NA,NA,NA,NA,NA,NA,NA,NA,NA,NA,NA
Ca41,NA,EA034,NA,Dorse,dorz1235,6,38,NA,NA,NA,NA,NA,NA,NA,NA,NA,NA,NA,NA,NA,NA,NA
Ca42,1950,EA034,2,Shako,shek1245,7,36,NA,NA,NA,NA,NA,NA,NA,NA,NA,NA,NA,NA,NA,NA,NA
Ca43,NA,EA034,NA,Hadendowa,hade1248,18,36,NA,NA,NA,NA,NA,NA,NA,NA,NA,NA,NA,NA,NA,NA,NA
Ca5,1930,EA034,4,Bisharin,bish1251,20,35,NA,NA,NA,NA,NA,NA,NA,NA,NA,NA,NA,NA,NA,NA,NA
Ca6,1880,EA034,4,Afar,afar1241,12,42,NA,NA,NA,NA,NA,NA,NA,NA,NA,NA,NA,NA,NA,NA,NA
Ca7,1950,EA034,4,Amhara,amha1245,13,38,SCCS37,2,1,2,1,2,1,4,2,3,Amhara,7102274111,0.519560893,3.842058505,0.722535314
Ca8,1940,EA034,2,Gurage,seba1251,8,38,NA,NA,NA,NA,NA,NA,NA,NA,NA,NA,NA,NA,NA,NA,NA
Ca9,1890,EA034,1,Goroa,goro1270,-4,36,NA,NA,NA,NA,NA,NA,NA,NA,NA,NA,NA,NA,NA,NA,NA
Cb1,NA,EA034,NA,Maguzawa,kano1249,12,10,NA,NA,NA,NA,NA,NA,NA,NA,NA,NA,NA,NA,NA,NA,NA
Cb10,NA,EA034,NA,Karekare,kare1348,12,11,NA,NA,NA,NA,NA,NA,NA,NA,NA,NA,NA,NA,NA,NA,NA
Cb11,1900,EA034,4,Midobi,mido1240,16,27,NA,NA,NA,NA,NA,NA,NA,NA,NA,NA,NA,NA,NA,NA,NA
Cb12,1920,EA034,4,Gimma,nort3133,13,32,NA,NA,NA,NA,NA,NA,NA,NA,NA,NA,NA,NA,NA,NA,NA
Cb13,1930,EA034,4,Habbaniya,nort3133,11,25,NA,NA,NA,NA,NA,NA,NA,NA,NA,NA,NA,NA,NA,NA,NA
Cb14,1910,EA034,4,Hemat,bath1248,11,20,NA,NA,NA,NA,NA,NA,NA,NA,NA,NA,NA,NA,NA,NA,NA
Cb15,1940,EA034,4,Messiria Humr,tama1331,11,28,NA,NA,NA,NA,NA,NA,NA,NA,NA,NA,NA,NA,NA,NA,NA
Cb16,1920,EA034,4,Shuwa,char1283,13,15,NA,NA,NA,NA,NA,NA,NA,NA,NA,NA,NA,NA,NA,NA,NA
Cb17,1880,EA034,4,Fur,furr1244,12,24,SCCS29,NA,NA,NA,NA,NA,NA,NA,NA,NA,Fur,2447820351,0.555693274,12.98935722,0.679144099
Cb18,1930,EA034,4,Kanembu,kane1243,14,14,NA,NA,NA,NA,NA,NA,NA,NA,NA,NA,NA,NA,NA,NA,NA
Cb19,1870,EA034,4,Kanuri,cent2050,12,13,NA,NA,NA,NA,NA,NA,NA,NA,NA,NA,NA,NA,NA,NA,NA
Cb2,1950,EA034,4,Wolof,nucl1347,15,-17,SCCS21,1,1,2,1,3,1,3,2,4,Wolof,950682474.2,0.550238113,3.044509334,0.770896687
Cb20,1920,EA034,4,Zerma,zarm1239,13,3,NA,NA,NA,NA,NA,NA,NA,NA,NA,NA,NA,NA,NA,NA,NA
Cb21,NA,EA034,NA,Djafun,adam1253,8,13,NA,NA,NA,NA,NA,NA,NA,NA,NA,NA,NA,NA,NA,NA,NA
Cb22,NA,EA034,NA,Liptako,west2454,14,0,NA,NA,NA,NA,NA,NA,NA,NA,NA,NA,NA,NA,NA,NA,NA
Cb23,1930,EA034,4,Tukulor,pula1263,14.73,-14.32,NA,NA,NA,NA,NA,NA,NA,NA,NA,NA,NA,NA,NA,NA,NA
Cb24,1950,EA034,4,Wodaabe Fulani,boro1274,12,12,SCCS25,2,1,2,2,2,1,3,3,1,Wodaabe Fulani,2377791781,0.580981932,20.945364,0.6750865
Cb25,1930,EA034,4,Tazarawa Hausa,arew1238,14,8,NA,NA,NA,NA,NA,NA,NA,NA,NA,NA,NA,NA,NA,NA,NA
Cb26,1950,EA034,4,Zazzagawa Hausa,haus1257,11,8,SCCS26,NA,1,1,1,2,1,4,2,2,Zazzagawa Hausa,12917203638,0.626720364,2.752774799,0.736220254
Cb27,NA,EA034,NA,Bachama,baca1246,10,12,NA,NA,NA,NA,NA,NA,NA,NA,NA,NA,NA,NA,NA,NA,NA
Cb28,NA,EA034,NA,Dera,dera1248,10,12,NA,NA,NA,NA,NA,NA,NA,NA,NA,NA,NA,NA,NA,NA,NA
Cb29,NA,EA034,NA,Ngizim,ngiz1242,12,10,NA,NA,NA,NA,NA,NA,NA,NA,NA,NA,NA,NA,NA,NA,NA
Cb3,1940,EA034,4,Songhai,koyr1242,17,-1,SCCS24,1,1,1,2,2,1,3,2,3,Songhai,777977037.9,0.579141479,29.92172658,0.669153854
Cb4,1920,EA034,4,Hasania,khar1296,14,32,NA,NA,NA,NA,NA,NA,NA,NA,NA,NA,NA,NA,NA,NA,NA
Cb5,NA,EA034,NA,Buduma,budu1265,13,15,NA,NA,NA,NA,NA,NA,NA,NA,NA,NA,NA,NA,NA,NA,NA
Cb6,NA,EA034,NA,Tera,tera1251,11,12,NA,NA,NA,NA,NA,NA,NA,NA,NA,NA,NA,NA,NA,NA,NA
Cb7,1920,EA034,4,Bolewa,nucl1695,11,11,NA,NA,NA,NA,NA,NA,NA,NA,NA,NA,NA,NA,NA,NA,NA
Cb8,NA,EA034,NA,Bororo Fulani,boro1274,13,5,SCCS25,2,1,2,2,2,1,3,3,1,Wodaabe Fulani,2377791781,0.580981932,20.945364,0.6750865
Cb9,1940,EA034,4,Hausa Kanawa,kano1249,12,9,NA,NA,NA,NA,NA,NA,NA,NA,NA,NA,NA,NA,NA,NA,NA
Cc1,1950,EA034,4,Regeibat,hass1238,22,-13,NA,NA,NA,NA,NA,NA,NA,NA,NA,NA,NA,NA,NA,NA,NA
Cc10,1900,EA034,4,Asben,taya1257,18,8,NA,NA,NA,NA,NA,NA,NA,NA,NA,NA,NA,NA,NA,NA,NA
Cc11,1860,EA034,4,Azjer,ghat1242,25,10,NA,NA,NA,NA,NA,NA,NA,NA,NA,NA,NA,NA,NA,NA,NA
Cc12,1944,EA034,4,Ifora,tadh1242,20,2,NA,NA,NA,NA,NA,NA,NA,NA,NA,NA,NA,NA,NA,NA,NA
Cc13,1920,EA034,4,Udalan Tuareg,timb1263,16,0,NA,NA,NA,NA,NA,NA,NA,NA,NA,NA,NA,NA,NA,NA,NA
Cc14,1880,EA034,4,Daza,daza1242,17,18,NA,NA,NA,NA,NA,NA,NA,NA,NA,NA,NA,NA,NA,NA,NA
Cc15,NA,EA034,NA,Drawa,susi1238,31,-7,NA,NA,NA,NA,NA,NA,NA,NA,NA,NA,NA,NA,NA,NA,NA
Cc16,1930,EA034,4,Chaambra,algi1247,32,3,NA,NA,NA,NA,NA,NA,NA,NA,NA,NA,NA,NA,NA,NA,NA
Cc17,1930,EA034,4,Delim,hass1238,22,-15,NA,NA,NA,NA,NA,NA,NA,NA,NA,NA,NA,NA,NA,NA,NA
Cc18,1910,EA034,4,Kunta,hass1238,19,-1,NA,NA,NA,NA,NA,NA,NA,NA,NA,NA,NA,NA,NA,NA,NA
Cc19,1950,EA034,4,Trarza,hass1238,18,-15,NA,NA,NA,NA,NA,NA,NA,NA,NA,NA,NA,NA,NA,NA,NA
Cc2,1950,EA034,4,Teda,teda1241,21,17,SCCS40,NA,1,1,1,2,1,3,2,4,Teda,156975916.6,0.303939394,45.56660607,0.641627338
Cc20,1910,EA034,4,Zenaga,zena1248,18,-8,NA,NA,NA,NA,NA,NA,NA,NA,NA,NA,NA,NA,NA,NA,NA
Cc3,1920,EA034,4,Siwans,siwi1239,29,26,NA,NA,NA,NA,NA,NA,NA,NA,NA,NA,NA,NA,NA,NA,NA
Cc4,1920,EA034,4,Mzab,tumz1238,33,4,NA,NA,NA,NA,NA,NA,NA,NA,NA,NA,NA,NA,NA,NA,NA
Cc5,1910,EA034,4,Kel Antessar,timb1263,18,-3,NA,NA,NA,NA,NA,NA,NA,NA,NA,NA,NA,NA,NA,NA,NA
Cc6,1910,EA034,4,Kababish,nort3133,17,31,NA,NA,NA,NA,NA,NA,NA,NA,NA,NA,NA,NA,NA,NA,NA
Cc7,1950,EA034,4,Barabish,hass1238,20,-5,NA,NA,NA,NA,NA,NA,NA,NA,NA,NA,NA,NA,NA,NA,NA
Cc8,NA,EA034,NA,Aulliminden,ioul1238,8,2,NA,NA,NA,NA,NA,NA,NA,NA,NA,NA,NA,NA,NA,NA,NA
Cc9,1920,EA034,4,Tuareg Ahaggar,hogg1238,23,6,SCCS41,2,1,2,1,2,1,4,1,2,Tuareg Ahaggar,203070726.3,0.27951869,55.0876594,0.637141328
Cd1,1920,EA034,4,Barabra,kenu1236,23,33,SCCS39,2,1,1,1,1,1,3,2,4,Barabra,185140467.4,0.249339973,23.91153492,0.725292015
Cd10,1900,EA034,4,Zekara,tari1263,34,-2,SCCS42,1,1,1,1,1,1,2,3,3,Riffians,374401020.2,0.456040806,35.37451605,0.655456608
Cd11,NA,EA034,NA,Guanche,guan1277,27.99,-15.62,NA,NA,NA,NA,NA,NA,NA,NA,NA,NA,NA,NA,NA,NA,NA
Cd12,1870,EA034,4,Algerians,algi1247,31,2,NA,NA,NA,NA,NA,NA,NA,NA,NA,NA,NA,NA,NA,NA,NA
Cd13,1930,EA034,4,Hamama,sout3114,30,9,NA,NA,NA,NA,NA,NA,NA,NA,NA,NA,NA,NA,NA,NA,NA
Cd14,1870,EA034,4,Hamyan,oran1236,35,2,NA,NA,NA,NA,NA,NA,NA,NA,NA,NA,NA,NA,NA,NA,NA
Cd15,1910,EA034,4,Jebala,jebl1238,35,-5,NA,NA,NA,NA,NA,NA,NA,NA,NA,NA,NA,NA,NA,NA,NA
Cd16,1930,EA034,4,Moroccans,sout3117,33,-8,NA,NA,NA,NA,NA,NA,NA,NA,NA,NA,NA,NA,NA,NA,NA
Cd17,1920,EA034,4,Nail,cons1245,35,5,NA,NA,NA,NA,NA,NA,NA,NA,NA,NA,NA,NA,NA,NA,NA
Cd18,1920,EA034,4,Saadi,said1239,30,28,NA,NA,NA,NA,NA,NA,NA,NA,NA,NA,NA,NA,NA,NA,NA
Cd19,1920,EA034,4,Sahel,sahi1245,35,10.94,NA,NA,NA,NA,NA,NA,NA,NA,NA,NA,NA,NA,NA,NA,NA
Cd2,1950,EA034,4,Egyptians,egyp1253,25,33,SCCS43,1,1,1,NA,3,1,3,1,3,Egyptians,61013724.41,0.351085543,55.98120443,0.657733079
Cd20,1940,EA034,4,Sanusi,liby1240,31,22,NA,NA,NA,NA,NA,NA,NA,NA,NA,NA,NA,NA,NA,NA,NA
Cd21,1930,EA034,4,Tunisians,tuni1260,37,10,NA,NA,NA,NA,NA,NA,NA,NA,NA,NA,NA,NA,NA,NA,NA
Cd3,1920,EA034,4,Riffians,tari1263,35,-4,SCCS42,1,1,1,1,1,1,2,3,3,Riffians,374401020.2,0.456040806,35.37451605,0.655456608
Cd4,1890,EA034,4,Kabyle,kaby1243,36,4,NA,NA,NA,NA,NA,NA,NA,NA,NA,NA,NA,NA,NA,NA,NA
Cd5,1920,EA034,4,Shluh,susi1238,30,-9,NA,NA,NA,NA,NA,NA,NA,NA,NA,NA,NA,NA,NA,NA,NA
Cd6,-1400,EA034,1,Ancient Egyptians,egyp1246,30,31,NA,NA,NA,NA,NA,NA,NA,NA,NA,NA,NA,NA,NA,NA,NA
Cd7,1910,EA034,4,Beraber,cent2194,33,-7,NA,NA,NA,NA,NA,NA,NA,NA,NA,NA,NA,NA,NA,NA,NA
Cd8,1910,EA034,4,Shawiya,tach1249,36,7,NA,NA,NA,NA,NA,NA,NA,NA,NA,NA,NA,NA,NA,NA,NA
Cd9,1900,EA034,4,Tekna,hass1238,28,-11,NA,NA,NA,NA,NA,NA,NA,NA,NA,NA,NA,NA,NA,NA,NA
Ce1,1900,EA034,4,Gheg,gheg1238,42,20,SCCS48,1,1,1,1,1,1,3,3,4,Gheg,4965584067,0.604053057,40.77859774,0.641521093
Ce2,NA,EA034,NA,Portuguese,gali1257,42,-7,NA,NA,NA,NA,NA,NA,NA,NA,NA,NA,NA,NA,NA,NA,NA
Ce3,100,EA034,1,Ancient Romans,lati1261,42,12,SCCS49,NA,1,2,3,1,1,3,3,2,Ancient Romans,1651724949,0.58798742,39.62786863,0.653950112
Ce4,1930,EA034,4,French Basques,labo1236,43,-1,NA,NA,NA,NA,NA,NA,NA,NA,NA,NA,NA,NA,NA,NA,NA
Ce5,1960,EA034,4,Neapolitans,neap1235,40.89,14.25,NA,NA,NA,NA,NA,NA,NA,NA,NA,NA,NA,NA,NA,NA,NA
Ce6,1950,EA034,4,Spaniards,stan1288,37,-6,NA,NA,NA,NA,NA,NA,NA,NA,NA,NA,NA,NA,NA,NA,NA
Ce7,1950,EA034,4,Greeks,mode1248,39,23,NA,NA,NA,NA,NA,NA,NA,NA,NA,NA,NA,NA,NA,NA,NA
Ce8,1934,EA034,4,Spanish Basques,west1508,43,-2,SCCS50,2,1,2,1,2,1,4,2,3,Spanish Basques,1866041422,0.641531828,15.00595113,0.691022688
Cf1,1920,EA034,4,New Englanders,stan1293,42,-73,NA,NA,NA,NA,NA,NA,NA,NA,NA,NA,NA,NA,NA,NA,NA
Cf2,NA,EA034,NA,Boers,afri1274,-16,28,NA,NA,NA,NA,NA,NA,NA,NA,NA,NA,NA,NA,NA,NA,NA
Cf3,1930,EA034,4,Tristan da Cunha,stan1293,-37.11,-12.27,NA,NA,NA,NA,NA,NA,NA,NA,NA,NA,NA,NA,NA,NA,NA
Cf4,1940,EA034,4,Brazilians,braz1246,-23.68,-46.64,NA,NA,NA,NA,NA,NA,NA,NA,NA,NA,NA,NA,NA,NA,NA
Cf5,1930,EA034,4,French Canadians,queb1247,47,-72,NA,NA,NA,NA,NA,NA,NA,NA,NA,NA,NA,NA,NA,NA,NA
Cg1,1950,EA034,4,Dutch,dutc1256,53,7,NA,NA,NA,NA,NA,NA,NA,NA,NA,NA,NA,NA,NA,NA,NA
Cg2,1100,EA034,4,Icelanders,icel1247,64,-20,NA,NA,NA,NA,NA,NA,NA,NA,NA,NA,NA,NA,NA,NA,NA
Cg3,1930,EA034,4,Irish,iris1253,53,-9,SCCS51,NA,NA,NA,NA,NA,NA,NA,NA,NA,Irish,3491045078,0.76708049,8.422231814,0.748178587
Cg4,1950,EA034,4,Sami,nort2671,68,22,SCCS52,1,1,1,1,2,1,4,3,1,Sami,713389582.7,0.731691465,91.64819994,0.521744634
Cg5,1950,EA034,4,Walloons,wall1255,50,5,NA,NA,NA,NA,NA,NA,NA,NA,NA,NA,NA,NA,NA,NA,NA
Ch1,1950,EA034,4,Serbs,serb1264,44,20,NA,NA,NA,NA,NA,NA,NA,NA,NA,NA,NA,NA,NA,NA,NA
Ch10,NA,EA034,NA,Romanians,baya1255,45,26,NA,NA,NA,NA,NA,NA,NA,NA,NA,NA,NA,NA,NA,NA,NA
Ch11,1955,EA034,4,Russians,russ1263,53,41,SCCS54,NA,NA,NA,NA,NA,NA,NA,NA,NA,Russians,673849541.3,0.672912313,133.6090259,0.525655787
Ch2,1890,EA034,4,Hutsuls,sout2604,49,24,NA,NA,NA,NA,NA,NA,NA,NA,NA,NA,NA,NA,NA,NA,NA
Ch3,1940,EA034,4,Czechs,czec1258,50,16,NA,NA,NA,NA,NA,NA,NA,NA,NA,NA,NA,NA,NA,NA,NA
Ch4,1900,EA034,4,Mari,east2328,43,46,NA,NA,NA,NA,NA,NA,NA,NA,NA,NA,NA,NA,NA,NA,NA
Ch5,1940,EA034,4,Bulgarians,bulg1262,43,24,NA,NA,NA,NA,NA,NA,NA,NA,NA,NA,NA,NA,NA,NA,NA
Ch6,1910,EA034,4,Byelorussians,bela1254,55,28,NA,NA,NA,NA,NA,NA,NA,NA,NA,NA,NA,NA,NA,NA,NA
Ch7,1930,EA034,4,Ukrainians,east2270,48,36,NA,NA,NA,NA,NA,NA,NA,NA,NA,NA,NA,NA,NA,NA,NA
Ch8,1940,EA034,4,Magyar,hung1274,47,20,NA,NA,NA,NA,NA,NA,NA,NA,NA,NA,NA,NA,NA,NA,NA
Ch9,1930,EA034,4,Lithuanians,lith1251,55,24,NA,NA,NA,NA,NA,NA,NA,NA,NA,NA,NA,NA,NA,NA,NA
Ci1,NA,EA034,NA,Kalmyk,kalm1243,46,46,NA,NA,NA,NA,NA,NA,NA,NA,NA,NA,NA,NA,NA,NA,NA
Ci10,1900,EA034,4,Armenians,nucl1235,40,45,SCCS56,NA,NA,NA,NA,NA,NA,NA,NA,NA,Armenians,947079949.7,0.653814772,94.95406046,0.583140594
Ci11,1940,EA034,4,Kurd,cent1972,32,44,SCCS57,1,1,1,1,1,1,3,2,4,Kurd,1516010607,0.451745288,120.0464559,0.610643704
Ci12,1880,EA034,4,Abkhaz,abkh1244,43,41,SCCS55,NA,NA,NA,NA,NA,NA,NA,NA,NA,Abkhaz,2433372879,0.62747658,50.15138085,0.633331569
Ci2,NA,EA034,NA,Khevsur,xevs1238,43,45,NA,NA,NA,NA,NA,NA,NA,NA,NA,NA,NA,NA,NA,NA,NA
Ci3,1900,EA034,4,Kumyk,kumy1244,42,48,NA,NA,NA,NA,NA,NA,NA,NA,NA,NA,NA,NA,NA,NA,NA
Ci4,1920,EA034,4,Cherkess,kaba1278,44,42,NA,NA,NA,NA,NA,NA,NA,NA,NA,NA,NA,NA,NA,NA,NA
Ci5,1950,EA034,4,Turks,nucl1301,38,30,SCCS47,2,1,1,2,1,1,4,1,2,Turks,1443732695,0.617796488,72.20179292,0.61180057
Ci6,1880,EA034,4,Ossetians,digo1242,43,44,NA,NA,NA,NA,NA,NA,NA,NA,NA,NA,NA,NA,NA,NA,NA
Ci7,1900,EA034,4,Chechen,chec1245,43,46,NA,NA,NA,NA,NA,NA,NA,NA,NA,NA,NA,NA,NA,NA,NA
Ci8,1850,EA034,4,Georgians,imer1248,42,45,NA,NA,NA,NA,NA,NA,NA,NA,NA,NA,NA,NA,NA,NA,NA
Ci9,1910,EA034,4,Svan,svan1243,43,43,NA,NA,NA,NA,NA,NA,NA,NA,NA,NA,NA,NA,NA,NA,NA
Cj1,1950,EA034,4,Syrians,nort3142,36,36,NA,NA,NA,NA,NA,NA,NA,NA,NA,NA,NA,NA,NA,NA,NA
Cj10,1950,EA034,4,Madan,meso1252,31,47,NA,NA,NA,NA,NA,NA,NA,NA,NA,NA,NA,NA,NA,NA,NA
Cj2,1920,EA034,4,Rwala,east2690,33,37,SCCS46,NA,1,1,2,1,NA,3,1,3,Rwala,193864144.7,0.459266012,80.1892964,0.622996025
Cj3,-800,EA034,4,Hebrews,anci1244,32,35,SCCS44,1,1,1,1,1,1,3,NA,4,Hebrews,181511367.8,0.497726536,29.52890209,0.698764538
Cj4,-2000,EA034,1,Babylonians,akka1240,32,45,SCCS45,1,1,1,1,3,1,4,3,2,Babylonians,171992937.7,0.347395525,110.5542307,0.640160674
Cj5,1930,EA034,4,Mutair,sout3119,28,47,NA,NA,NA,NA,NA,NA,NA,NA,NA,NA,NA,NA,NA,NA,NA
Cj6,1950,EA034,4,Jordanians,sout3123,32,36,NA,NA,NA,NA,NA,NA,NA,NA,NA,NA,NA,NA,NA,NA,NA
Cj7,1950,EA034,4,Lebanese,nort3139,34,36,NA,NA,NA,NA,NA,NA,NA,NA,NA,NA,NA,NA,NA,NA,NA
Cj8,1930,EA034,4,Druze,sunn1238,32.77,35.03,NA,NA,NA,NA,NA,NA,NA,NA,NA,NA,NA,NA,NA,NA,NA
Cj9,1950,EA034,4,Yemeni,sana1295,15,45,NA,NA,NA,NA,NA,NA,NA,NA,NA,NA,NA,NA,NA,NA,NA
Ea1,1950,EA034,4,Sindhi,sind1272,25,68,NA,NA,NA,NA,NA,NA,NA,NA,NA,NA,NA,NA,NA,NA,NA
Ea10,1950,EA034,4,Marri,east2304,30,69,NA,NA,NA,NA,NA,NA,NA,NA,NA,NA,NA,NA,NA,NA,NA
Ea11,1950,EA034,4,Ghilzai,ghil1238,33,68,NA,NA,NA,NA,NA,NA,NA,NA,NA,NA,NA,NA,NA,NA,NA
Ea12,1940,EA034,4,Qashqui,qash1240,30,52,NA,NA,NA,NA,NA,NA,NA,NA,NA,NA,NA,NA,NA,NA,NA
Ea13,1950,EA034,4,Punjabi,west2386,32,73,SCCS59,NA,NA,NA,NA,NA,NA,NA,NA,NA,Punjabi,4649930144,0.397476897,82.82722977,0.613192098
Ea2,1950,EA034,4,Yusufzai,yusu1238,35,72,NA,NA,NA,NA,NA,NA,NA,NA,NA,NA,NA,NA,NA,NA,NA
Ea3,1930,EA034,4,Hazara,haza1239,35,66,NA,NA,NA,NA,NA,NA,NA,NA,NA,NA,NA,NA,NA,NA,NA
Ea4,1950,EA034,4,Kohistani,indu1241,35,73,NA,NA,NA,NA,NA,NA,NA,NA,NA,NA,NA,NA,NA,NA,NA
Ea5,1890,EA034,NA,Nuristani,kamv1242,36,71,NA,NA,NA,NA,NA,NA,NA,NA,NA,NA,NA,NA,NA,NA,NA
Ea6,1958,EA034,4,Basseri,bass1257,30,34,SCCS58,NA,NA,NA,NA,NA,NA,NA,NA,NA,Basseri,1122702513,0.290920612,88.36224178,0.647558985
Ea7,1950,EA034,4,Moghol,mogh1245,34,63,NA,NA,NA,NA,NA,NA,NA,NA,NA,NA,NA,NA,NA,NA,NA
Ea8,1920,EA034,4,Bakhtiari,bakh1245,33,48,NA,NA,NA,NA,NA,NA,NA,NA,NA,NA,NA,NA,NA,NA,NA
Ea9,1950,EA034,4,Iranians,tehr1242,36,52,NA,NA,NA,NA,NA,NA,NA,NA,NA,NA,NA,NA,NA,NA,NA
Eb1,1910,EA034,4,Kazakh,kaza1248,48,70,SCCS65,1,1,2,1,1,1,4,2,2,Kazakh,861589161.4,0.624230961,119.7090915,0.57909679
Eb2,NA,EA034,NA,Tu,tuuu1240,39,100,NA,NA,NA,NA,NA,NA,NA,NA,NA,NA,NA,NA,NA,NA,NA
Eb3,NA,EA034,NA,Khalka,halh1238,46,97,SCCS66,2,1,1,1,1,1,4,2,1,Khalka,537695284.6,0.666659915,243.6511698,0.552929659
Eb4,NA,EA034,NA,Dagur,daur1238,49,125,NA,NA,NA,NA,NA,NA,NA,NA,NA,NA,NA,NA,NA,NA,NA
Eb5,1910,EA034,4,Turkmen,turk1304,38,62,NA,NA,NA,NA,NA,NA,NA,NA,NA,NA,NA,NA,NA,NA,NA
Eb6,NA,EA034,NA,Buryat,russ1264,52,107,NA,NA,NA,NA,NA,NA,NA,NA,NA,NA,NA,NA,NA,NA,NA
Eb7,1930,EA034,1,Chahar,peri1253,41,115,NA,NA,NA,NA,NA,NA,NA,NA,NA,NA,NA,NA,NA,NA,NA
Eb8,NA,EA034,NA,Uzbek,nort2690,43,60,NA,NA,NA,NA,NA,NA,NA,NA,NA,NA,NA,NA,NA,NA,NA
Ec1,1920,EA034,2,Nivkh,gily1242,53,142,SCCS119,NA,NA,NA,NA,NA,NA,NA,NA,NA,Nivkh,1086199659,0.636441967,229.6694279,0.532602438
Ec10,1880,EA034,4,Ob Ostyak,khan1273,62,74,NA,NA,NA,NA,NA,NA,NA,NA,NA,NA,NA,NA,NA,NA,NA
Ec11,NA,EA034,NA,Selkup,selk1253,59,90,NA,NA,NA,NA,NA,NA,NA,NA,NA,NA,NA,NA,NA,NA,NA
Ec2,1900,EA034,3,Yakut,yaku1245,65,125,NA,NA,NA,NA,NA,NA,NA,NA,NA,NA,NA,NA,NA,NA,NA
Ec3,1900,EA034,3,Chukchi,chuk1273,66,177,SCCS121,1,1,2,1,3,1,4,3,1,Chukchi,715301571.4,0.623083252,158.9184121,0.4673705
Ec4,1900,EA034,3,Yurak-Samoyeds,nene1249,68,75,SCCS53,2,1,1,1,2,1,4,1,1,Yurak-Samoyeds,418058681.3,0.686769175,144.9889046,0.459163422
Ec5,1900,EA034,3,Koryak,kory1246,61.99,164.24,NA,NA,NA,NA,NA,NA,NA,NA,NA,NA,NA,NA,NA,NA,NA
Ec6,NA,EA034,NA,Yukaghir,nort2745,70,145,SCCS120,1,1,1,1,2,2,4,2,1,Yukaghir,349239595.9,0.652616472,361.1283437,0.467298378
Ec7,1900,EA034,1,Ainu,ainu1240,44,144,SCCS118,2,2,2,1,2,2,4,3,1,Ainu,3293987850,0.702515747,108.1514634,0.610077986
Ec8,NA,EA034,NA,Ket,kett1243,62,90,NA,NA,NA,NA,NA,NA,NA,NA,NA,NA,NA,NA,NA,NA,NA
Ec9,NA,EA034,NA,Nanai,nana1257,47,132,NA,NA,NA,NA,NA,NA,NA,NA,NA,NA,NA,NA,NA,NA,NA
Ed1,1950,EA034,1,Koreans,kore1280,38.134147,126.960754,SCCS116,NA,NA,NA,NA,NA,NA,NA,NA,NA,Koreans,6186705294,0.571090278,100.1607204,0.676033933
Ed10,NA,EA034,NA,Shantung,mand1415,37,118,NA,NA,NA,NA,NA,NA,NA,NA,NA,NA,NA,NA,NA,NA,NA
Ed13,NA,EA034,NA,Ishigakians,yaey1239,24.46,124.14,NA,NA,NA,NA,NA,NA,NA,NA,NA,NA,NA,NA,NA,NA,NA
Ed14,NA,EA034,NA,Man,kimm1245,22,105,NA,NA,NA,NA,NA,NA,NA,NA,NA,NA,NA,NA,NA,NA,NA
Ed15a,NA,EA034,NA,Miyakans,miya1259,24.79,125.32,NA,NA,NA,NA,NA,NA,NA,NA,NA,NA,NA,NA,NA,NA,NA
Ed15b,1936,EA034,1,Chekiang,wuch1236,31,120,SCCS114,NA,NA,NA,NA,NA,NA,NA,NA,NA,Chekiang,8847579178,0.590632379,95.6285943,0.648173542
Ed16,NA,EA034,NA,Cantonese,yuec1235,23,113,NA,NA,NA,NA,NA,NA,NA,NA,NA,NA,NA,NA,NA,NA,NA
Ed2,1940,EA034,1,Lolo,sich1238,29,103,SCCS67,NA,NA,NA,NA,NA,NA,NA,NA,NA,Lolo,7338060720,0.664730881,44.01335004,0.675058953
Ed3,NA,EA034,NA,Manchu,manc1252,45,126,SCCS115,1,1,2,1,2,1,4,1,1,Manchu,3547577607,0.617193659,262.9025704,0.568257375
Ed4,NA,EA034,NA,Miao,horn1235,26,107,NA,NA,NA,NA,NA,NA,NA,NA,NA,NA,NA,NA,NA,NA,NA
Ed5,1950,EA034,2,Japanese,nucl1643,35,136,SCCS117,4,2,1,NA,1,1,3,1,1,Japanese,7394435303,0.656782616,67.50235953,0.69974674
Ed6,NA,EA034,NA,Min Chinese,chao1239,24,115,NA,NA,NA,NA,NA,NA,NA,NA,NA,NA,NA,NA,NA,NA,NA
Ed7,1950,EA034,1,Okinawans,cent2126,26.16,127.8,NA,NA,NA,NA,NA,NA,NA,NA,NA,NA,NA,NA,NA,NA,NA
Ed8,1930,EA034,1,Minchia,cent2004,26,100,NA,NA,NA,NA,NA,NA,NA,NA,NA,NA,NA,NA,NA,NA,NA
Ed9,1930,EA034,1,Li,hlai1239,19,109,NA,NA,NA,NA,NA,NA,NA,NA,NA,NA,NA,NA,NA,NA,NA
Ee1,1940,EA034,1,Adi,bori1243,28,95,NA,NA,NA,NA,NA,NA,NA,NA,NA,NA,NA,NA,NA,NA,NA
Ee2,1930,EA034,4,Burusho,buru1296,37,75,SCCS64,NA,NA,NA,NA,NA,NA,NA,NA,NA,Burusho,2968959468,0.600620664,135.0992607,0.575711386
Ee3,1930,EA034,3,Lepcha,lepc1244,28,89,SCCS68,2,2,1,2,2,2,4,2,2,Lepcha,96491128664,0.534284911,39.42342866,0.69638479
Ee4,1920,EA034,1,Central Tibetans,dbus1238,30,91,NA,NA,NA,NA,NA,NA,NA,NA,NA,NA,NA,NA,NA,NA,NA
Ee5,1870,EA034,1,Shina,shin1264,35,73,NA,NA,NA,NA,NA,NA,NA,NA,NA,NA,NA,NA,NA,NA,NA
Ee6,1950,EA034,1,Sherpa,sher1255,28,87,NA,NA,NA,NA,NA,NA,NA,NA,NA,NA,NA,NA,NA,NA,NA
Ee7,NA,EA034,NA,Kachari,kach1279,27,90,NA,NA,NA,NA,NA,NA,NA,NA,NA,NA,NA,NA,NA,NA,NA
Ee8,1950,EA034,1,Magar,west2418,28,84,NA,NA,NA,NA,NA,NA,NA,NA,NA,NA,NA,NA,NA,NA,NA
Ef1,1940,EA034,2,Santal,sant1410,24,87,SCCS62,NA,NA,NA,NA,NA,NA,NA,NA,NA,Santal,14510681796,0.486404492,33.0366254,0.642094263
Ef10,NA,EA034,NA,Bihari,mait1250,25,86,NA,NA,NA,NA,NA,NA,NA,NA,NA,NA,NA,NA,NA,NA,NA
Ef11,1945,EA034,2,Uttar Pradesh,bhoj1244,26,83,SCCS63,2,2,1,2,2,1,4,2,2,Uttar Pradesh,9639772522,0.446910076,50.37229997,0.632566997
Ef2,1940,EA034,1,Bengali,beng1280,23,88,NA,NA,NA,NA,NA,NA,NA,NA,NA,NA,NA,NA,NA,NA,NA
Ef3,NA,EA034,NA,Indo-Iranian,sans1269,30,75,NA,NA,NA,NA,NA,NA,NA,NA,NA,NA,NA,NA,NA,NA,NA
Ef4,NA,EA034,NA,Ho,hooo1248,22,85,NA,NA,NA,NA,NA,NA,NA,NA,NA,NA,NA,NA,NA,NA,NA
Ef5,1900,EA034,3,Bhil,bhil1251,22,74,NA,NA,NA,NA,NA,NA,NA,NA,NA,NA,NA,NA,NA,NA,NA
Ef6,NA,EA034,NA,Kurukh,kuru1302,23,85,NA,NA,NA,NA,NA,NA,NA,NA,NA,NA,NA,NA,NA,NA,NA
Ef7,1950,EA034,1,Pahari,maha1287,30,78,NA,NA,NA,NA,NA,NA,NA,NA,NA,NA,NA,NA,NA,NA,NA
Ef8,1950,EA034,4,Kashmiri,kash1277,34,75,NA,NA,NA,NA,NA,NA,NA,NA,NA,NA,NA,NA,NA,NA,NA
Ef9,1136,EA034,1,Gujarati,guja1252,20,77,NA,NA,NA,NA,NA,NA,NA,NA,NA,NA,NA,NA,NA,NA,NA
Eg1,1940,EA034,1,Chenchu,chen1255,16,79,NA,NA,NA,NA,NA,NA,NA,NA,NA,NA,NA,NA,NA,NA,NA
Eg10,1950,EA034,1,Telugu,telu1262,18,79,NA,NA,NA,NA,NA,NA,NA,NA,NA,NA,NA,NA,NA,NA,NA
Eg11,NA,EA034,NA,Koya,koya1251,19,78,NA,NA,NA,NA,NA,NA,NA,NA,NA,NA,NA,NA,NA,NA,NA
Eg12,NA,EA034,NA,Khond,kuii1252,18,82,NA,NA,NA,NA,NA,NA,NA,NA,NA,NA,NA,NA,NA,NA,NA
Eg13,1941,EA034,2,Muria Gond,west2408,20,81,NA,NA,NA,NA,NA,NA,NA,NA,NA,NA,NA,NA,NA,NA,NA
Eg14,1940,EA034,1,Reddi,mukh1238,18,82,NA,NA,NA,NA,NA,NA,NA,NA,NA,NA,NA,NA,NA,NA,NA
Eg2,NA,EA034,NA,Tamil,tami1289,11,79,NA,NA,NA,NA,NA,NA,NA,NA,NA,NA,NA,NA,NA,NA,NA
Eg3,1938,EA034,3,Madia,mari1414,19,81,SCCS60,1,1,1,1,2,1,3,4,1,Madia,24696382253,0.549625275,18.28860998,0.691012822
Eg4,1900,EA034,1,Toda,toda1252,12,77,SCCS61,1,NA,NA,1,2,1,4,3,3,Toda,36643643801,0.636273301,1.595407496,0.79479302
Eg5,1930,EA034,1,Kodavas,koda1255,12,76,NA,NA,NA,NA,NA,NA,NA,NA,NA,NA,NA,NA,NA,NA,NA
Eg6,NA,EA034,NA,Kerala,mala1464,11,76,NA,NA,NA,NA,NA,NA,NA,NA,NA,NA,NA,NA,NA,NA,NA
Eg7,1930,EA034,2,Hill Bhuiya,oriy1255,21,85,NA,NA,NA,NA,NA,NA,NA,NA,NA,NA,NA,NA,NA,NA,NA
Eg8,NA,EA034,NA,Kol,mund1320,22,85,NA,NA,NA,NA,NA,NA,NA,NA,NA,NA,NA,NA,NA,NA,NA
Eg9,NA,EA034,NA,Baiga,chha1249,22,81,NA,NA,NA,NA,NA,NA,NA,NA,NA,NA,NA,NA,NA,NA,NA
Eh1,1870,EA034,1,Andamanese,akab1249,12,93,SCCS79,1,1,2,1,2,2,4,2,1,Andamanese,31205924957,0.589804953,2.378031504,0.805758564
Eh10,NA,EA034,NA,Betsileo,bets1235,-22,47,NA,NA,NA,NA,NA,NA,NA,NA,NA,NA,NA,NA,NA,NA,NA
Eh2,NA,EA034,NA,Merina,meri1243,-19,46,NA,NA,NA,NA,NA,NA,NA,NA,NA,NA,NA,NA,NA,NA,NA
Eh3,1930,EA034,2,Tanala,tana1285,-22,47,SCCS81,1,1,1,1,2,2,4,3,1,Tanala,10140991395,0.64028757,5.84148337,0.782051936
Eh4,1900,EA034,1,Vedda,vedd1240,8,81,SCCS80,NA,NA,NA,NA,NA,NA,NA,NA,NA,Vedda,20512809565,0.632752036,0.9474826,0.823363068
Eh5,NA,EA034,NA,Nicobarese,carn1240,9.17,92.77,SCCS78,1,1,1,1,2,2,4,1,2,Nicobarese,18646177090,0.603834712,0.830634165,0.816591516
Eh6,NA,EA034,NA,Sinhalese,sinh1246,7,80,NA,NA,NA,NA,NA,NA,NA,NA,NA,NA,NA,NA,NA,NA,NA
Eh7,1900,EA034,2,Antandroy,tand1256,-25,46,NA,NA,NA,NA,NA,NA,NA,NA,NA,NA,NA,NA,NA,NA,NA
Eh8,1900,EA034,2,Sakalava,saka1291,-21,43.93,NA,NA,NA,NA,NA,NA,NA,NA,NA,NA,NA,NA,NA,NA,NA
Eh9,NA,EA034,NA,Antaisaka,tesa1236,-22.9,47.75,NA,NA,NA,NA,NA,NA,NA,NA,NA,NA,NA,NA,NA,NA,NA
Ei1,1900,EA034,2,Garo,garo1247,26,91,SCCS69,1,1,1,NA,NA,NA,NA,NA,NA,Garo,15283382412,0.503631168,26.6076007,0.676833729
Ei10,NA,EA034,NA,Chakma,chak1266,23,92,NA,NA,NA,NA,NA,NA,NA,NA,NA,NA,NA,NA,NA,NA,NA
Ei11,1910,EA034,2,Aimol,aimo1244,25,94,NA,NA,NA,NA,NA,NA,NA,NA,NA,NA,NA,NA,NA,NA,NA
Ei12,1910,EA034,2,Thado,thad1238,25,94,NA,NA,NA,NA,NA,NA,NA,NA,NA,NA,NA,NA,NA,NA,NA
Ei13,1910,EA034,1,Angami,anga1288,26,94,NA,NA,NA,NA,NA,NA,NA,NA,NA,NA,NA,NA,NA,NA,NA
Ei14,1920,EA034,3,Ao,aona1235,27,94,NA,NA,NA,NA,NA,NA,NA,NA,NA,NA,NA,NA,NA,NA,NA
Ei15,NA,EA034,NA,Rengma,sout2732,26,94,NA,NA,NA,NA,NA,NA,NA,NA,NA,NA,NA,NA,NA,NA,NA
Ei16,1910,EA034,2,Sema,sumi1235,26,95,NA,NA,NA,NA,NA,NA,NA,NA,NA,NA,NA,NA,NA,NA,NA
Ei17,NA,EA034,NA,Karbi,karb1241,26,94,NA,NA,NA,NA,NA,NA,NA,NA,NA,NA,NA,NA,NA,NA,NA
Ei18,1920,EA034,1,Palaung,shwe1236,23,97,NA,NA,NA,NA,NA,NA,NA,NA,NA,NA,NA,NA,NA,NA,NA
Ei19,1940,EA034,1,Chin,asho1236,22,94,NA,NA,NA,NA,NA,NA,NA,NA,NA,NA,NA,NA,NA,NA,NA
Ei2,1920,EA034,1,Lhota,loth1237,27,94,NA,NA,NA,NA,NA,NA,NA,NA,NA,NA,NA,NA,NA,NA,NA
Ei20,NA,EA034,NA,Kuki,lush1249,23,92,NA,NA,NA,NA,NA,NA,NA,NA,NA,NA,NA,NA,NA,NA,NA
Ei3,1950,EA034,1,Burmese,nucl1310,20,95,SCCS71,1,1,1,2,2,2,4,3,1,Burmese,13002196174,0.534675439,16.7040508,0.693668726
Ei4,1930,EA034,4,Maras,mara1382,22,93,SCCS70,NA,NA,NA,NA,NA,NA,NA,NA,NA,Maras,13169633272,0.585944256,18.32906196,0.721559698
Ei5,1940,EA034,3,Kachin,kach1280,26,97,NA,NA,NA,NA,NA,NA,NA,NA,NA,NA,NA,NA,NA,NA,NA
Ei6,1930,EA034,1,Purum,puru1266,25,94,NA,NA,NA,NA,NA,NA,NA,NA,NA,NA,NA,NA,NA,NA,NA
Ei7,1910,EA034,2,Karen,pwow1235,17.12,97.19,NA,NA,NA,NA,NA,NA,NA,NA,NA,NA,NA,NA,NA,NA,NA
Ei8,1900,EA034,2,Khasi,khas1269,26,92,NA,NA,NA,NA,NA,NA,NA,NA,NA,NA,NA,NA,NA,NA,NA
Ei9,NA,EA034,NA,Mogh,rakh1245,20.49,92.64,NA,NA,NA,NA,NA,NA,NA,NA,NA,NA,NA,NA,NA,NA,NA
Ej1,1940,EA034,1,Lamet,lame1256,20,101,SCCS72,1,1,1,1,1,1,3,2,1,Lamet,16974664416,0.591187325,20.45249536,0.68498808
Ej10,1950,EA034,1,Rade,rade1240,13,108,SCCS74,NA,1,1,1,1,1,4,2,1,Rade,14764314666,0.722892893,3.609247669,0.757852803
Ej11,1950,EA034,1,Cham,east2563,11,108,NA,NA,NA,NA,NA,NA,NA,NA,NA,NA,NA,NA,NA,NA,NA
Ej12,1960,EA034,1,Lawa,west2396,18,98,NA,NA,NA,NA,NA,NA,NA,NA,NA,NA,NA,NA,NA,NA,NA
Ej13,1940,EA034,1,Muong,muon1246,21,105,NA,NA,NA,NA,NA,NA,NA,NA,NA,NA,NA,NA,NA,NA,NA
Ej14,1960,EA034,1,Senoi,sema1266,4,102,NA,NA,NA,NA,NA,NA,NA,NA,NA,NA,NA,NA,NA,NA,NA
Ej15,1292,EA034,2,Ancient Khmer,oldk1249,13,104,SCCS75,NA,NA,NA,NA,NA,NA,NA,NA,NA,Ancient Khmer,18111569925,0.68734542,5.454129182,0.749349154
Ej16,1958,EA034,4,Negri Sembilan,nege1240,2.58,102.25,SCCS82,NA,NA,NA,NA,NA,NA,NA,NA,NA,Negri Sembilan,15764910441,0.728091655,0.214902627,0.836822456
Ej2,1940,EA034,1,Mnong Gar,east2333,12,107,NA,NA,NA,NA,NA,NA,NA,NA,NA,NA,NA,NA,NA,NA,NA
Ej3,1920,EA034,3,Semang,kens1248,5,101,SCCS77,1,1,1,1,3,1,4,2,1,Semang,23289771427,0.682639897,0.619693555,0.830861754
Ej4,1950,EA034,1,Annamese,viet1252,17,107,SCCS73,2,1,1,2,3,2,4,3,1,Annamese,10912991575,0.620375247,31.54052685,0.694632321
Ej5,1950,EA034,1,Khmer,cent1989,12,105,NA,NA,NA,NA,NA,NA,NA,NA,NA,NA,NA,NA,NA,NA,NA
Ej6,NA,EA034,NA,Moken,moke1242,11.78,98.28,NA,NA,NA,NA,NA,NA,NA,NA,NA,NA,NA,NA,NA,NA,NA
Ej7,1950,EA034,1,Akha,akha1245,21,100,NA,NA,NA,NA,NA,NA,NA,NA,NA,NA,NA,NA,NA,NA,NA
Ej8,1940,EA034,4,Malays,mala1479,5,103,NA,NA,NA,NA,NA,NA,NA,NA,NA,NA,NA,NA,NA,NA,NA
Ej9,1940,EA034,2,Thai,thai1261,15,100,SCCS76,2,2,2,2,3,2,4,2,2,Thai,20087073747,0.668414215,8.550653512,0.710509079
Ia1,1930,EA034,1,Atayal,atay1247,24,121,SCCS113,1,1,1,2,2,1,4,1,1,Atayal,9547323655,0.554396611,28.11532785,0.728703703
Ia10,1930,EA034,2,Bunun,bunu1267,24,121,NA,NA,NA,NA,NA,NA,NA,NA,NA,NA,NA,NA,NA,NA,NA
Ia11,NA,EA034,NA,Puyuma,puyu1239,23,121,NA,NA,NA,NA,NA,NA,NA,NA,NA,NA,NA,NA,NA,NA,NA
Ia12,1950,EA034,4,Sugbuanon,cebu1242,10.2,123.65,NA,NA,NA,NA,NA,NA,NA,NA,NA,NA,NA,NA,NA,NA,NA
Ia13,NA,EA034,NA,Badjau Tawi-Tawi,sout2918,5.09,119.97,SCCS86,1,2,1,2,3,1,4,2,1,Badjau Tawi-Tawi,9218356714,0.699791859,0.219546455,0.842628436
Ia14,NA,EA034,NA,Tao,yami1254,22.05,121.55,NA,NA,NA,NA,NA,NA,NA,NA,NA,NA,NA,NA,NA,NA,NA
Ia15,NA,EA034,NA,Manobo,agus1235,8,126,NA,NA,NA,NA,NA,NA,NA,NA,NA,NA,NA,NA,NA,NA,NA
Ia16,1910,EA034,2,Kalinga,lubu1243,18,121,NA,NA,NA,NA,NA,NA,NA,NA,NA,NA,NA,NA,NA,NA,NA
Ia17,NA,EA034,NA,Bilaan,koro1310,6,125,NA,NA,NA,NA,NA,NA,NA,NA,NA,NA,NA,NA,NA,NA,NA
Ia18,NA,EA034,NA,Bisayan,akla1241,10,123,NA,NA,NA,NA,NA,NA,NA,NA,NA,NA,NA,NA,NA,NA,NA
Ia2,1950,EA034,1,Sagada,nort2877,17,121,NA,NA,NA,NA,NA,NA,NA,NA,NA,NA,NA,NA,NA,NA,NA
Ia3,1920,EA034,1,Ifugao,tuwa1243,17,121,SCCS112,1,1,2,1,2,1,4,2,2,Ifugao,21137694128,0.637429684,3.017132284,0.775758585
Ia4,1950,EA034,1,Subanun,cent2089,8,123,NA,NA,NA,NA,NA,NA,NA,NA,NA,NA,NA,NA,NA,NA,NA
Ia5,NA,EA034,NA,Hanunoo,hanu1241,13,121,NA,NA,NA,NA,NA,NA,NA,NA,NA,NA,NA,NA,NA,NA,NA
Ia6,1930,EA034,1,Paiwan,paiw1248,22.44,120.77,NA,NA,NA,NA,NA,NA,NA,NA,NA,NA,NA,NA,NA,NA,NA
Ia7,NA,EA034,NA,Tagbanua,tagb1258,10,119,NA,NA,NA,NA,NA,NA,NA,NA,NA,NA,NA,NA,NA,NA,NA
Ia8,NA,EA034,NA,Bontok,cent2292,17,121,NA,NA,NA,NA,NA,NA,NA,NA,NA,NA,NA,NA,NA,NA,NA
Ia9,1930,EA034,1,Ami,amis1246,22.7,121.05,NA,NA,NA,NA,NA,NA,NA,NA,NA,NA,NA,NA,NA,NA,NA
Ib1,1950,EA034,1,Iban,iban1264,2,112,SCCS85,1,1,1,2,3,2,4,2,1,Iban,11016841047,0.684465027,0.064788564,0.85501586
Ib2,1950,EA034,1,Javanese,java1254,-7,110,SCCS83,1,2,2,2,2,1,4,2,1,Javanese,15377980634,0.654488941,0.434914972,0.814093763
Ib3,1950,EA034,1,Balinese,bali1278,-8.18,115.02,SCCS84,1,1,1,2,1,1,4,3,1,Balinese,15887286508,0.625700618,0.554782468,0.835891421
Ib4,1930,EA034,4,Toba Batak,bata1289,2,99,NA,NA,NA,NA,NA,NA,NA,NA,NA,NA,NA,NA,NA,NA,NA
Ib5,1920,EA034,2,Kadazan-Dusun,cent2100,6,117,NA,NA,NA,NA,NA,NA,NA,NA,NA,NA,NA,NA,NA,NA,NA
Ib6,1920,EA034,4,Minangkabau,mina1268,-1,101,NA,NA,NA,NA,NA,NA,NA,NA,NA,NA,NA,NA,NA,NA,NA
Ib7,NA,EA034,NA,Mentaweians,ment1249,-2.93,100.23,NA,NA,NA,NA,NA,NA,NA,NA,NA,NA,NA,NA,NA,NA,NA
Ib8,NA,EA034,NA,Anak Dalam,kubu1239,-3,103,NA,NA,NA,NA,NA,NA,NA,NA,NA,NA,NA,NA,NA,NA,NA
Ib9,NA,EA034,NA,Punan,puna1275,3,115,NA,NA,NA,NA,NA,NA,NA,NA,NA,NA,NA,NA,NA,NA,NA
Ic1,1940,EA034,4,Macassarese,maka1311,-5.31,119.69,NA,NA,NA,NA,NA,NA,NA,NA,NA,NA,NA,NA,NA,NA,NA
Ic10,NA,EA034,NA,Tobelorese,tobe1252,1,128,SCCS88,NA,NA,NA,NA,NA,NA,NA,NA,NA,Tobelorese,7304426635,0.670631649,0.075992462,0.85220842
Ic11,1950,EA034,4,Ambonese,ambo1250,-3.71,128.18,NA,NA,NA,NA,NA,NA,NA,NA,NA,NA,NA,NA,NA,NA,NA
Ic12,1951,EA034,4,Sumbawanese,sumb1241,-8.63,117.27,NA,NA,NA,NA,NA,NA,NA,NA,NA,NA,NA,NA,NA,NA,NA
Ic13,NA,EA034,NA,Kodi,kodi1247,-9.66,119.07,NA,NA,NA,NA,NA,NA,NA,NA,NA,NA,NA,NA,NA,NA,NA
Ic2,1940,EA034,2,Alorese,abui1241,-8.22,124.26,SCCS89,1,1,1,1,3,2,4,2,1,Alorese,23833377925,0.604145283,0.496545409,0.834456265
Ic3,NA,EA034,NA,Belu,tetu1245,-9,126,NA,NA,NA,NA,NA,NA,NA,NA,NA,NA,NA,NA,NA,NA,NA
Ic4,NA,EA034,NA,Rotinese,term1237,-10.71,123.18,NA,NA,NA,NA,NA,NA,NA,NA,NA,NA,NA,NA,NA,NA,NA
Ic5,NA,EA034,NA,Toradja,pamo1252,-2,121,SCCS87,2,2,2,2,3,2,4,3,2,Toradja,14773302749,0.669679837,0.152009871,0.842534407
Ic6,NA,EA034,NA,Tanimbarese,sela1259,-8.19,130.96,NA,NA,NA,NA,NA,NA,NA,NA,NA,NA,NA,NA,NA,NA,NA
Ic7,NA,EA034,NA,Ili-Mandiri,lama1277,-8.33,122.85,NA,NA,NA,NA,NA,NA,NA,NA,NA,NA,NA,NA,NA,NA,NA
Ic8,NA,EA034,NA,Kei,keii1239,-5.58,133.07,NA,NA,NA,NA,NA,NA,NA,NA,NA,NA,NA,NA,NA,NA,NA
Ic9,NA,EA034,NA,Sumbanese,kamb1299,-10,120,NA,NA,NA,NA,NA,NA,NA,NA,NA,NA,NA,NA,NA,NA,NA
Id1,1900,EA034,1,Northern Aranda,east2379,-24,134,SCCS91,1,1,1,1,3,1,3,4,2,Northern Aranda,3710057302,0.452378106,36.607207,0.591495003
Id10,1930,EA034,1,Walbiri,warl1254,-22,132,NA,NA,NA,NA,NA,NA,NA,NA,NA,NA,NA,NA,NA,NA,NA
Id11,1950,EA034,1,Gidjingali,gunn1248,-12.29,134.32,NA,NA,NA,NA,NA,NA,NA,NA,NA,NA,NA,NA,NA,NA,NA
Id12,1930,EA034,1,Yir Yoront,jirj1239,-15,142,NA,NA,NA,NA,NA,NA,NA,NA,NA,NA,NA,NA,NA,NA,NA
Id13,1930,EA034,1,Anindilyagwa,anin1240,-13.99,136.6,NA,NA,NA,NA,NA,NA,NA,NA,NA,NA,NA,NA,NA,NA,NA
Id2,1930,EA034,1,"Yolngu, Dhuwal",dhuw1249,-12.48,135.96,NA,NA,NA,NA,NA,NA,NA,NA,NA,NA,NA,NA,NA,NA,NA
Id3,1920,EA034,2,Tiwi,tiwi1244,-11.56,130.81,SCCS90,1,1,1,1,3,1,4,2,1,Tiwi,27168025880,0.604742188,1.691451885,0.809061767
Id4,1900,EA034,1,Diyari,dier1241,-28,138,NA,NA,NA,NA,NA,NA,NA,NA,NA,NA,NA,NA,NA,NA,NA
Id5,NA,EA034,NA,Kariyarra,kari1304,-21,118,NA,NA,NA,NA,NA,NA,NA,NA,NA,NA,NA,NA,NA,NA,NA
Id6,NA,EA034,NA,Wikmunkan,wikm1247,-14,142,NA,NA,NA,NA,NA,NA,NA,NA,NA,NA,NA,NA,NA,NA,NA
Id7,1940,EA034,1,Murriny Patha,murr1258,-14,130,NA,NA,NA,NA,NA,NA,NA,NA,NA,NA,NA,NA,NA,NA,NA
Id8,1830,EA034,1,Tasmanians (northwestern),port1278,-42,146,NA,NA,NA,NA,NA,NA,NA,NA,NA,NA,NA,NA,NA,NA,NA
Id9,NA,EA034,NA,Ngiyambaa,wang1291,-32,146,NA,NA,NA,NA,NA,NA,NA,NA,NA,NA,NA,NA,NA,NA,NA
Ie1,1950,EA034,2,Mee,ekar1243,-4,136,SCCS94,1,1,1,1,3,1,4,2,1,Mee,29213650732,0.653550567,0.360267781,0.849195744
Ie10,1950,EA034,1,Motu,motu1246,-9,147,NA,NA,NA,NA,NA,NA,NA,NA,NA,NA,NA,NA,NA,NA,NA
Ie11,1950,EA034,2,Kakoli,umbu1258,-6,144,NA,NA,NA,NA,NA,NA,NA,NA,NA,NA,NA,NA,NA,NA,NA
Ie12,1930,EA034,1,Kwoma,kwom1262,-4,142,SCCS95,NA,NA,NA,NA,NA,NA,NA,NA,NA,Kwoma,23857301913,0.758307521,0.227240338,0.8395235
Ie13,NA,EA034,NA,Kiwai,sout2949,-9,143,NA,NA,NA,NA,NA,NA,NA,NA,NA,NA,NA,NA,NA,NA,NA
Ie14,NA,EA034,NA,Miriam,meri1244,-9.91,144.06,NA,NA,NA,NA,NA,NA,NA,NA,NA,NA,NA,NA,NA,NA,NA
Ie15,1930,EA034,1,Abelam,ambu1247,-3.79,143.09,NA,NA,NA,NA,NA,NA,NA,NA,NA,NA,NA,NA,NA,NA,NA
Ie16,NA,EA034,NA,Kutubu,foii1241,-6,143,NA,NA,NA,NA,NA,NA,NA,NA,NA,NA,NA,NA,NA,NA,NA
Ie17,1940,EA034,1,Siane,sian1257,-6,145,NA,NA,NA,NA,NA,NA,NA,NA,NA,NA,NA,NA,NA,NA,NA
Ie18,NA,EA034,NA,Kimam,kima1246,-7.52,138.46,SCCS93,NA,NA,NA,NA,NA,NA,NA,NA,NA,Kimam,13856923015,0.648898766,0.768917344,0.835337738
Ie19,1910,EA034,1,Marind-Amin,nucl1622,-8,139,NA,NA,NA,NA,NA,NA,NA,NA,NA,NA,NA,NA,NA,NA,NA
Ie2,1920,EA034,1,Wantoat,want1252,-6.15,146.53,NA,NA,NA,NA,NA,NA,NA,NA,NA,NA,NA,NA,NA,NA,NA
Ie20,1900,EA034,1,Koita,koit1244,-9,147,NA,NA,NA,NA,NA,NA,NA,NA,NA,NA,NA,NA,NA,NA,NA
Ie21,NA,EA034,NA,Mailu,mail1248,-10,149,NA,NA,NA,NA,NA,NA,NA,NA,NA,NA,NA,NA,NA,NA,NA
Ie22,NA,EA034,NA,Mekeo,meke1243,-9,147,NA,NA,NA,NA,NA,NA,NA,NA,NA,NA,NA,NA,NA,NA,NA
Ie23,1950,EA034,1,Muju,sout2940,-6,141,NA,NA,NA,NA,NA,NA,NA,NA,NA,NA,NA,NA,NA,NA,NA
Ie24,NA,EA034,NA,Koiari,gras1249,-9,148,NA,NA,NA,NA,NA,NA,NA,NA,NA,NA,NA,NA,NA,NA,NA
Ie25,1920,EA034,1,Mafulu,fuyu1242,-8,147,NA,NA,NA,NA,NA,NA,NA,NA,NA,NA,NA,NA,NA,NA,NA
Ie26,NA,EA034,NA,Ngarawapum,adze1240,-6,146,NA,NA,NA,NA,NA,NA,NA,NA,NA,NA,NA,NA,NA,NA,NA
Ie27,NA,EA034,NA,Banaro,bana1292,-4.56,144.34,NA,NA,NA,NA,NA,NA,NA,NA,NA,NA,NA,NA,NA,NA,NA
Ie28,1940,EA034,1,Busama,buga1250,-6.69,147.26,NA,NA,NA,NA,NA,NA,NA,NA,NA,NA,NA,NA,NA,NA,NA
Ie29,1930,EA034,1,Manam,mana1295,-4.08,145.03,NA,NA,NA,NA,NA,NA,NA,NA,NA,NA,NA,NA,NA,NA,NA
Ie3,1930,EA034,1,Arapesh,buki1249,-4,144,NA,NA,NA,NA,NA,NA,NA,NA,NA,NA,NA,NA,NA,NA,NA
Ie30,NA,EA034,NA,Mimika,kamo1255,-4,135,NA,NA,NA,NA,NA,NA,NA,NA,NA,NA,NA,NA,NA,NA,NA
Ie31,1950,EA034,2,Fore,fore1270,-6,145,NA,NA,NA,NA,NA,NA,NA,NA,NA,NA,NA,NA,NA,NA,NA
Ie32,NA,EA034,NA,Sio,sioo1240,-6,147,NA,NA,NA,NA,NA,NA,NA,NA,NA,NA,NA,NA,NA,NA,NA
Ie33,1950,EA034,2,Soromadja,nucl1595,-2,138,NA,NA,NA,NA,NA,NA,NA,NA,NA,NA,NA,NA,NA,NA,NA
Ie34,NA,EA034,NA,Bgu,bong1287,-2.34,139.6,NA,NA,NA,NA,NA,NA,NA,NA,NA,NA,NA,NA,NA,NA,NA
Ie35,NA,EA034,NA,Iatmul,iatm1242,-4,143,NA,NA,NA,NA,NA,NA,NA,NA,NA,NA,NA,NA,NA,NA,NA
Ie36,NA,EA034,NA,Samarokena,sama1240,-3,140,NA,NA,NA,NA,NA,NA,NA,NA,NA,NA,NA,NA,NA,NA,NA
Ie37,NA,EA034,NA,Star Mountain,ngal1298,-5,141,NA,NA,NA,NA,NA,NA,NA,NA,NA,NA,NA,NA,NA,NA,NA
Ie38,1960,EA034,1,Dani,midg1235,-4,139,NA,NA,NA,NA,NA,NA,NA,NA,NA,NA,NA,NA,NA,NA,NA
Ie39,1920,EA034,1,Elema,orok1267,-7.82,145.31,NA,NA,NA,NA,NA,NA,NA,NA,NA,NA,NA,NA,NA,NA,NA
Ie4,1930,EA034,1,Wogeo,woge1237,-3.24,144.1,NA,NA,NA,NA,NA,NA,NA,NA,NA,NA,NA,NA,NA,NA,NA
Ie5,1930,EA034,1,Keraki,namb1293,-9,142,NA,NA,NA,NA,NA,NA,NA,NA,NA,NA,NA,NA,NA,NA,NA
Ie6,NA,EA034,NA,Waropen,waro1242,-2.14,137.23,NA,NA,NA,NA,NA,NA,NA,NA,NA,NA,NA,NA,NA,NA,NA
Ie7,1950,EA034,1,Enga,enga1252,-6,144,NA,NA,NA,NA,NA,NA,NA,NA,NA,NA,NA,NA,NA,NA,NA
Ie8,NA,EA034,NA,Purari,pura1257,-7,145,NA,NA,NA,NA,NA,NA,NA,NA,NA,NA,NA,NA,NA,NA,NA
Ie9,1920,EA034,1,Orokaiva,orok1269,-9,148,SCCS92,1,1,2,1,2,1,4,3,1,Orokaiva,11885522336,0.731858749,0.905342429,0.828001524
If1,1940,EA034,1,Palauans,pala1344,7.45,134.54,SCCS111,1,2,1,NA,2,1,4,2,1,Palauans,14321391631,0.696421304,0.084875101,0.860105988
If10,NA,EA034,NA,Nomoians,mort1237,6.89,152.74,NA,NA,NA,NA,NA,NA,NA,NA,NA,NA,NA,NA,NA,NA,NA
If11,1860,EA034,2,Kosraeans,kosr1238,5.31,162.98,NA,NA,NA,NA,NA,NA,NA,NA,NA,NA,NA,NA,NA,NA,NA
If12,NA,EA034,NA,Bikinians,rali1241,11.7,165.29,SCCS108,2,2,2,1,3,2,4,3,1,Marshallese - Jaluit Atoll,17777078999,0.6959807,0.082967644,0.856103189
If13,NA,EA034,NA,Nauruans,naur1243,-0.53,166.92,NA,NA,NA,NA,NA,NA,NA,NA,NA,NA,NA,NA,NA,NA,NA
If14,1890,EA034,2,Makin,bana1287,3.38,172.99,SCCS107,NA,NA,NA,NA,NA,NA,NA,NA,NA,Makin,23456572588,0.559455676,0.153669893,0.80060325
If15,NA,EA034,NA,Carolinians,caro1242,15.21,145.76,NA,NA,NA,NA,NA,NA,NA,NA,NA,NA,NA,NA,NA,NA,NA
If16,1960,EA034,1,Lamotrek,lamo1243,7.46,146.38,NA,NA,NA,NA,NA,NA,NA,NA,NA,NA,NA,NA,NA,NA,NA
If17,1900,EA034,1,Marshallese - Jaluit atoll,rali1241,6.28,169.49,SCCS108,2,2,2,1,3,2,4,3,1,Marshallese - Jaluit Atoll,17777078999,0.6959807,0.082967644,0.856103189
If2,1940,EA034,1,Trukese,chuu1238,7.34,151.6,SCCS109,1,1,1,1,2,2,4,3,1,Trukese,18619153518,0.697768963,0.086232883,0.854249051
If3,1940,EA034,1,Majuro,rata1243,7.09,171.13,NA,NA,NA,NA,NA,NA,NA,NA,NA,NA,NA,NA,NA,NA,NA
If4,1940,EA034,1,Ifaluk,nucl1479,7.25,144.46,NA,NA,NA,NA,NA,NA,NA,NA,NA,NA,NA,NA,NA,NA,NA
If5,1910,EA034,1,Ponapeans,pohn1238,6.88,158.22,NA,NA,NA,NA,NA,NA,NA,NA,NA,NA,NA,NA,NA,NA,NA
If6,NA,EA034,NA,Yapese,yape1248,9.55,138.13,SCCS110,NA,NA,NA,NA,NA,NA,NA,NA,NA,Yapese,11339982121,0.685111424,0.151060734,0.843143845
If7,NA,EA034,NA,Gilbert Onotoa,nuii1237,-1.47,175.06,NA,NA,NA,NA,NA,NA,NA,NA,NA,NA,NA,NA,NA,NA,NA
If8,1950,EA034,4,Chamorro,cham1312,15.13,145.71,NA,NA,NA,NA,NA,NA,NA,NA,NA,NA,NA,NA,NA,NA,NA
If9,NA,EA034,NA,Ulithians,ulit1238,10.02,139.79,NA,NA,NA,NA,NA,NA,NA,NA,NA,NA,NA,NA,NA,NA,NA
Ig1,1940,EA034,1,Siuai,siwa1245,-6,155,SCCS99,NA,2,2,2,2,2,3,4,1,Siuai,16864903667,0.72167192,0.2837929,0.859139734
Ig10,1950,EA034,1,Usiai,lele1270,-2,147,NA,NA,NA,NA,NA,NA,NA,NA,NA,NA,NA,NA,NA,NA,NA
Ig11,1920,EA034,2,Rossel Islanders,yele1255,-11.36,154.14,NA,NA,NA,NA,NA,NA,NA,NA,NA,NA,NA,NA,NA,NA,NA
Ig12,1900,EA034,1,Choiseulese,vagh1249,-6.69,156.52,NA,NA,NA,NA,NA,NA,NA,NA,NA,NA,NA,NA,NA,NA,NA
Ig13,NA,EA034,NA,Aua,wuvu1239,-1.74,142.85,NA,NA,NA,NA,NA,NA,NA,NA,NA,NA,NA,NA,NA,NA,NA
Ig14,1900,EA034,1,Dahuni,suau1242,-10.41,149.91,NA,NA,NA,NA,NA,NA,NA,NA,NA,NA,NA,NA,NA,NA,NA
Ig15,NA,EA034,NA,Bakovi,bola1250,-5.42,150.05,NA,NA,NA,NA,NA,NA,NA,NA,NA,NA,NA,NA,NA,NA,NA
Ig16,NA,EA034,NA,Bwaidoga,bwai1242,-9.44,150.33,NA,NA,NA,NA,NA,NA,NA,NA,NA,NA,NA,NA,NA,NA,NA
Ig17,NA,EA034,NA,Kombe,mudu1242,-4.67,149.53,NA,NA,NA,NA,NA,NA,NA,NA,NA,NA,NA,NA,NA,NA,NA
Ig18,NA,EA034,NA,Kwaio,kwai1243,-9,161,NA,NA,NA,NA,NA,NA,NA,NA,NA,NA,NA,NA,NA,NA,NA
Ig19,NA,EA034,NA,Molima,moli1248,-10,151,NA,NA,NA,NA,NA,NA,NA,NA,NA,NA,NA,NA,NA,NA,NA
Ig2,1910,EA034,1,Trobriands,kili1267,-8.43,151.09,SCCS98,1,1,2,1,2,1,2,4,3,Trobriands,12473689601,0.672301215,0.810055509,0.848110871
Ig20,1920,EA034,1,Kaoka,long1395,-9.49,159.82,NA,NA,NA,NA,NA,NA,NA,NA,NA,NA,NA,NA,NA,NA,NA
Ig21,NA,EA034,NA,Tangu,tang1348,-3.38,153.31,NA,NA,NA,NA,NA,NA,NA,NA,NA,NA,NA,NA,NA,NA,NA
Ig3,1930,EA034,1,Kurtatchi,tinp1237,-5.6,154.91,NA,NA,NA,NA,NA,NA,NA,NA,NA,NA,NA,NA,NA,NA,NA
Ig4,1930,EA034,1,Lesu,nots1237,-3.06,151.66,SCCS97,NA,NA,NA,NA,NA,NA,NA,NA,NA,Lesu,10332446044,0.617057931,0.190860659,0.839050683
Ig5,NA,EA034,NA,Dobuans,dobu1241,-10,151,NA,NA,NA,NA,NA,NA,NA,NA,NA,NA,NA,NA,NA,NA,NA
Ig6,1900,EA034,1,Ulawans,saaa1240,-9.63,161.44,NA,NA,NA,NA,NA,NA,NA,NA,NA,NA,NA,NA,NA,NA,NA
Ig7,NA,EA034,NA,Lakalai,naka1262,-5.5,150.81,NA,NA,NA,NA,NA,NA,NA,NA,NA,NA,NA,NA,NA,NA,NA
Ig8,NA,EA034,NA,Simboese,simb1256,-8,157,NA,NA,NA,NA,NA,NA,NA,NA,NA,NA,NA,NA,NA,NA,NA
Ig9,1920,EA034,1,Manus,tita1241,-2,147,SCCS96,1,1,1,1,1,1,4,2,1,Manus,10765114054,0.625105769,0.160421822,0.842232695
Ih1,1890,EA034,1,Mota,mota1237,-13.84,167.7,NA,NA,NA,NA,NA,NA,NA,NA,NA,NA,NA,NA,NA,NA,NA
Ih10,NA,EA034,NA,Tannese,sout2869,-19.6,169.44,NA,NA,NA,NA,NA,NA,NA,NA,NA,NA,NA,NA,NA,NA,NA
Ih11,NA,EA034,NA,Epi,lame1260,-16.61,168.17,NA,NA,NA,NA,NA,NA,NA,NA,NA,NA,NA,NA,NA,NA,NA
Ih12,NA,EA034,NA,Eromangans,siee1239,-18.85,169.16,NA,NA,NA,NA,NA,NA,NA,NA,NA,NA,NA,NA,NA,NA,NA
Ih13,NA,EA034,NA,Ranon,nort2839,-16.18,168.15,NA,NA,NA,NA,NA,NA,NA,NA,NA,NA,NA,NA,NA,NA,NA
Ih14,1840,EA034,1,Mbau Fijians,bauu1243,-17.81,178.32,SCCS102,1,2,2,2,2,1,3,4,1,Mbau Fijians,10103352827,0.619671995,2.821134649,0.805597838
Ih2,NA,EA034,NA,Seniang,sout2857,-16.51,167.47,NA,NA,NA,NA,NA,NA,NA,NA,NA,NA,NA,NA,NA,NA,NA
Ih3,1950,EA034,1,Bunlap,saaa1241,-15.95,168.22,SCCS101,NA,NA,NA,NA,NA,NA,NA,NA,NA,Bunlap,13387756112,0.63279422,2.011379012,0.827705263
Ih4,1920,EA034,1,Lau,laua1243,-17.74,-179.31,NA,NA,NA,NA,NA,NA,NA,NA,NA,NA,NA,NA,NA,NA,NA
Ih5,NA,EA034,NA,Ajie,ajie1238,-21.37,165.47,SCCS103,1,1,1,1,2,NA,4,2,1,Ajie,7039369325,0.566675423,5.460851487,0.804479628
Ih6,NA,EA034,NA,Rotumans,rotu1241,-12.5,177.07,NA,NA,NA,NA,NA,NA,NA,NA,NA,NA,NA,NA,NA,NA,NA
Ih7,NA,EA034,NA,Lifu,dehu1237,-20.94,167.23,NA,NA,NA,NA,NA,NA,NA,NA,NA,NA,NA,NA,NA,NA,NA
Ih8,1940,EA034,1,Vanua Levu,nort2843,-17.81,178.32,NA,NA,NA,NA,NA,NA,NA,NA,NA,NA,NA,NA,NA,NA,NA
Ih9,NA,EA034,NA,Santa Cruz Islanders,natu1246,-10.73,165.85,NA,NA,NA,NA,NA,NA,NA,NA,NA,NA,NA,NA,NA,NA,NA
Ii1,1920,EA034,2,American Samoans,samo1305,-13.68,-172.41,SCCS106,1,1,2,1,2,NA,4,3,1,Upolu Samoans,12213542079,0.677829062,0.623528039,0.84497839
Ii10,NA,EA034,NA,Rennell Islanders,renn1242,-11.74,160.42,NA,NA,NA,NA,NA,NA,NA,NA,NA,NA,NA,NA,NA,NA,NA
Ii12,1920,EA034,1,Tongans,tong1325,-19.74,-175.07,NA,NA,NA,NA,NA,NA,NA,NA,NA,NA,NA,NA,NA,NA,NA
Ii13,1830,EA034,1,Uveans,wall1257,-13.28,-176.17,NA,NA,NA,NA,NA,NA,NA,NA,NA,NA,NA,NA,NA,NA,NA
Ii14,1829,EA034,1,Upolu Samoans,samo1305,-13.94,-171.77,SCCS106,1,1,2,1,2,NA,4,3,1,Upolu Samoans,12213542079,0.677829062,0.623528039,0.84497839
Ii2,1930,EA034,1,Tikopia,tiko1237,-12.29,168.83,SCCS100,1,2,1,1,2,1,4,3,1,Tikopia,15697970977,0.677857147,0.642731268,0.844851678
Ii3,1930,EA034,2,Pukapukans,puka1242,-10.89,-165.84,NA,NA,NA,NA,NA,NA,NA,NA,NA,NA,NA,NA,NA,NA,NA
Ii4,NA,EA034,NA,Ellice,tuva1244,-7.48,178.68,NA,NA,NA,NA,NA,NA,NA,NA,NA,NA,NA,NA,NA,NA,NA
Ii5,1920,EA034,1,Ontong Java,onto1237,-5.48,159.7,NA,NA,NA,NA,NA,NA,NA,NA,NA,NA,NA,NA,NA,NA,NA
Ii6,NA,EA034,NA,Tokelau,toke1240,-9.2,-171.85,NA,NA,NA,NA,NA,NA,NA,NA,NA,NA,NA,NA,NA,NA,NA
Ii7,1910,EA034,1,Kapingamarangi,kapi1249,1.09,154.8,NA,NA,NA,NA,NA,NA,NA,NA,NA,NA,NA,NA,NA,NA,NA
Ii8,1840,EA034,1,Futunans,east2447,-14.31,-178.11,NA,NA,NA,NA,NA,NA,NA,NA,NA,NA,NA,NA,NA,NA,NA
Ii9,1840,EA034,1,Niueans,niue1239,-19.05,-169.86,NA,NA,NA,NA,NA,NA,NA,NA,NA,NA,NA,NA,NA,NA,NA
Ij1,1820,EA034,1,Mangaians,raro1241,-21.93,-157.91,NA,NA,NA,NA,NA,NA,NA,NA,NA,NA,NA,NA,NA,NA,NA
Ij10,NA,EA034,NA,Tongarevans,penr1237,-9.02,-158.03,NA,NA,NA,NA,NA,NA,NA,NA,NA,NA,NA,NA,NA,NA,NA
Ij2,1820,EA034,1,Māori,maor1246,-38.41,176.31,SCCS104,NA,NA,NA,NA,NA,NA,NA,NA,NA,Māori,2880919131,0.621173695,9.378743708,0.777040984
Ij3,1900,EA034,1,Marquesans,nort2845,-8.9,-140.08,SCCS105,1,2,1,1,1,2,4,3,1,Marquesans,22176393604,0.638503399,0.297730866,0.787867357
Ij4,1850,EA034,1,Manihikians,raka1237,-10.41,-160.98,NA,NA,NA,NA,NA,NA,NA,NA,NA,NA,NA,NA,NA,NA,NA
Ij5,NA,EA034,NA,Raroians,tuam1242,-15.94,-142.31,NA,NA,NA,NA,NA,NA,NA,NA,NA,NA,NA,NA,NA,NA,NA
Ij6,1800,EA034,1,Hawaiians,hawa1245,19.89,-155.83,NA,NA,NA,NA,NA,NA,NA,NA,NA,NA,NA,NA,NA,NA,NA
Ij7,1900,EA034,1,Mangarevans,mang1401,-23.12,-134.97,NA,NA,NA,NA,NA,NA,NA,NA,NA,NA,NA,NA,NA,NA,NA
Ij8,1900,EA034,1,Tahitians,tahi1242,-17.71,-149.54,NA,NA,NA,NA,NA,NA,NA,NA,NA,NA,NA,NA,NA,NA,NA
Ij9,1860,EA034,1,Easter Islanders,rapa1244,-27.12,-109.36,NA,NA,NA,NA,NA,NA,NA,NA,NA,NA,NA,NA,NA,NA,NA
Na1,1930,EA034,1,Nabesna,uppe1437,63,-141,NA,NA,NA,NA,NA,NA,NA,NA,NA,NA,NA,NA,NA,NA,NA
Na10,1930,EA034,1,Chugach,chug1254,60.72,-146.49,NA,NA,NA,NA,NA,NA,NA,NA,NA,NA,NA,NA,NA,NA,NA
Na11,NA,EA034,NA,Sivokakmeit,cent2128,63.34,-170.3,NA,NA,NA,NA,NA,NA,NA,NA,NA,NA,NA,NA,NA,NA,NA
Na12,1950,EA034,1,Nunamiut,nort2944,68,-152,NA,NA,NA,NA,NA,NA,NA,NA,NA,NA,NA,NA,NA,NA,NA
Na13,1880,EA034,3,Nunatsiarmiut,baff1240,65.24,-64.63,NA,NA,NA,NA,NA,NA,NA,NA,NA,NA,NA,NA,NA,NA,NA
Na14,1880,EA034,1,Inughuit (Northern Greenland),pola1254,78,-70,NA,NA,NA,NA,NA,NA,NA,NA,NA,NA,NA,NA,NA,NA,NA
Na15,NA,EA034,NA,Tlicho,dogr1252,63,-117,NA,NA,NA,NA,NA,NA,NA,NA,NA,NA,NA,NA,NA,NA,NA
Na16,1860,EA034,2,Délįne,nort2942,65,-119,NA,NA,NA,NA,NA,NA,NA,NA,NA,NA,NA,NA,NA,NA,NA
Na17,1860,EA034,2,DeneTha,sout2959,61,-120,SCCS128,1,1,1,1,2,1,1,4,1,DeneTha,263255952.1,0.678987419,202.3651863,0.47216633
Na19,1880,EA034,3,Dakelh,carr1249,54,-124,NA,NA,NA,NA,NA,NA,NA,NA,NA,NA,NA,NA,NA,NA,NA
Na2,1880,EA034,1,Tareumiut,nort2944,71,-157,NA,NA,NA,NA,NA,NA,NA,NA,NA,NA,NA,NA,NA,NA,NA
Na20,1880,EA034,1,Kutchin,gwic1235,66,-135,NA,NA,NA,NA,NA,NA,NA,NA,NA,NA,NA,NA,NA,NA,NA
Na21,1900,EA034,1,Caribou Inuit,cari1277,63,-96,NA,NA,NA,NA,NA,NA,NA,NA,NA,NA,NA,NA,NA,NA,NA
Na22,1920,EA034,1,Iglulik Inuit,west2618,70,-82,NA,NA,NA,NA,NA,NA,NA,NA,NA,NA,NA,NA,NA,NA,NA
Na23,NA,EA034,NA,Labrador Inuit,labr1244,58,-65,NA,NA,NA,NA,NA,NA,NA,NA,NA,NA,NA,NA,NA,NA,NA
Na24,1880,EA034,1,Tasiilaq,tunu1234,66,-37,NA,NA,NA,NA,NA,NA,NA,NA,NA,NA,NA,NA,NA,NA,NA
Na25,1910,EA034,4,Kalaallit (West Greenland),kala1399,68.66,-51.22,NA,NA,NA,NA,NA,NA,NA,NA,NA,NA,NA,NA,NA,NA,NA
Na26,1870,EA034,1,Dena'ina,tana1289,62,-144,NA,NA,NA,NA,NA,NA,NA,NA,NA,NA,NA,NA,NA,NA,NA
Na27,1870,EA034,2,Tahltan,tahl1239,58,-131,NA,NA,NA,NA,NA,NA,NA,NA,NA,NA,NA,NA,NA,NA,NA
Na28,1880,EA034,4,Sekani,seka1250,56,-123,NA,NA,NA,NA,NA,NA,NA,NA,NA,NA,NA,NA,NA,NA,NA
Na29,1850,EA034,1,Beaver,beav1236,58,-117,NA,NA,NA,NA,NA,NA,NA,NA,NA,NA,NA,NA,NA,NA,NA
Na3,1920,EA034,1,Copper Inuit,copp1244,69,-110,SCCS124,1,1,1,1,1,2,4,2,1,Copper Inuit,183123376.7,0.676987644,287.366131,0.434701346
Na30,1880,EA034,1,Dene,chip1261,60,-105,NA,NA,NA,NA,NA,NA,NA,NA,NA,NA,NA,NA,NA,NA,NA
Na31,1850,EA034,1,Eastern Cree,sout2978,51,-85,NA,NA,NA,NA,NA,NA,NA,NA,NA,NA,NA,NA,NA,NA,NA
Na32,1880,EA034,1,Montagnais,mont1268,48,-72,SCCS125,NA,NA,NA,NA,NA,NA,NA,NA,NA,Montagnais,1142304198,0.735906007,175.2285117,0.533263018
Na33,1870,EA034,1,Northern Saulteaux,alba1270,52,-98,SCCS127,1,1,2,1,3,1,2,4,1,Northern Saulteaux,506258688.6,0.682821213,226.2556592,0.503938367
Na34,NA,EA034,NA,Pekangekum,lacs1238,52,-94,NA,NA,NA,NA,NA,NA,NA,NA,NA,NA,NA,NA,NA,NA,NA
Na35,1800,EA034,2,Nipigon,cent2136,50,-88,NA,NA,NA,NA,NA,NA,NA,NA,NA,NA,NA,NA,NA,NA,NA
Na36,1860,EA034,1,Minnesota Ojibwa,redl1238,49,-96,NA,NA,NA,NA,NA,NA,NA,NA,NA,NA,NA,NA,NA,NA,NA
Na37,1880,EA034,1,Rainy River Ojibwe,rain1239,49,-92,NA,NA,NA,NA,NA,NA,NA,NA,NA,NA,NA,NA,NA,NA,NA
Na38,1800,EA034,2,Katikitegon,uppe1274,46,-92,NA,NA,NA,NA,NA,NA,NA,NA,NA,NA,NA,NA,NA,NA,NA
Na39,1870,EA034,1,Eastern Ojibwa,east2542,46,-85,NA,NA,NA,NA,NA,NA,NA,NA,NA,NA,NA,NA,NA,NA,NA
Na4,1920,EA034,1,Kaska,kask1239,59,-128,SCCS129,1,1,1,1,4,1,2,3,1,Kaska,1398625820,0.711216025,108.7804831,0.483030316
Na40,1650,EA034,2,Ottawa,otta1242,46,-82,NA,NA,NA,NA,NA,NA,NA,NA,NA,NA,NA,NA,NA,NA,NA
Na41,1700,EA034,2,Mi'kmaq,mikm1235,47,-65,SCCS126,1,1,1,1,2,2,4,2,3,Mi'kmaq,1638214920,0.708767505,118.0401354,0.580414978
Na42,1760,EA034,2,Potawatomi,pota1247,44,-85,NA,NA,NA,NA,NA,NA,NA,NA,NA,NA,NA,NA,NA,NA,NA
Na43,1920,EA034,1,Netsilik,nets1241,69,-96,NA,NA,NA,NA,NA,NA,NA,NA,NA,NA,NA,NA,NA,NA,NA
Na44,NA,EA034,NA,Nunavimmiut,queb1248,62,-76,NA,NA,NA,NA,NA,NA,NA,NA,NA,NA,NA,NA,NA,NA,NA
Na45,NA,EA034,NA,Mistissini Cree,sout2978,51.75,-72.66,NA,NA,NA,NA,NA,NA,NA,NA,NA,NA,NA,NA,NA,NA,NA
Na5,1890,EA034,2,Naskapi,nask1242,58,-70,NA,NA,NA,NA,NA,NA,NA,NA,NA,NA,NA,NA,NA,NA,NA
Na6,1930,EA034,1,Nunivak,kusk1241,60,-166,NA,NA,NA,NA,NA,NA,NA,NA,NA,NA,NA,NA,NA,NA,NA
Na7,1900,EA034,1,Attawapiskat Cree,swam1239,53,-83,NA,NA,NA,NA,NA,NA,NA,NA,NA,NA,NA,NA,NA,NA,NA
Na8,1880,EA034,2,Deg Xit'an,dege1248,62,-160,SCCS122,2,2,2,1,3,2,4,2,1,Deg Xit'an,886700088.8,0.664050635,126.0806708,0.457029625
Na9,1830,EA034,2,Aleut,east2533,53.86,-166.79,SCCS123,2,1,1,1,2,1,4,2,1,Aleut,992190434.1,0.750429141,11.65060536,0.647161133
Nb1,1890,EA034,1,Haida,nort2938,54,-132,SCCS131,1,1,1,1,2,2,2,4,2,Haida,4443168997,0.709648746,12.44302066,0.633101313
Nb10,1865,EA034,1,Alkatcho,sout2958,53,-126,NA,NA,NA,NA,NA,NA,NA,NA,NA,NA,NA,NA,NA,NA,NA
Nb11,1880,EA034,1,Nuu chah nulth,nuuc1236,49.16,-125.85,NA,NA,NA,NA,NA,NA,NA,NA,NA,NA,NA,NA,NA,NA,NA
Nb12,1880,EA034,1,Klahoose,slia1241,51,-125,NA,NA,NA,NA,NA,NA,NA,NA,NA,NA,NA,NA,NA,NA,NA
Nb13,1880,EA034,1,Squamish,squa1248,50,-123,NA,NA,NA,NA,NA,NA,NA,NA,NA,NA,NA,NA,NA,NA,NA
Nb14,1880,EA034,1,Comox,isla1276,49.72,-124.97,NA,NA,NA,NA,NA,NA,NA,NA,NA,NA,NA,NA,NA,NA,NA
Nb15,1880,EA034,1,Lummi,lumm1243,48.84,-123.27,NA,NA,NA,NA,NA,NA,NA,NA,NA,NA,NA,NA,NA,NA,NA
Nb16,1860,EA034,1,Klallam,clal1241,48,-123,NA,NA,NA,NA,NA,NA,NA,NA,NA,NA,NA,NA,NA,NA,NA
Nb17,1870,EA034,1,Puyallup,sout2965,47,-122,NA,NA,NA,NA,NA,NA,NA,NA,NA,NA,NA,NA,NA,NA,NA
Nb18,1880,EA034,1,Quileute,quil1240,47.91,-124.59,NA,NA,NA,NA,NA,NA,NA,NA,NA,NA,NA,NA,NA,NA,NA
Nb19,NA,EA034,NA,Lower Chinook,chin1286,45.99,-123.77,NA,NA,NA,NA,NA,NA,NA,NA,NA,NA,NA,NA,NA,NA,NA
Nb2,1850,EA034,1,Twana,twan1247,48,-123,SCCS133,1,1,2,1,2,2,2,4,1,Twana,10458341660,0.649379636,24.45688573,0.606557904
Nb20,1870,EA034,1,Tillamook,till1254,44.75,-123.72,NA,NA,NA,NA,NA,NA,NA,NA,NA,NA,NA,NA,NA,NA,NA
Nb21,NA,EA034,NA,Coos,coos1249,43,-124,NA,NA,NA,NA,NA,NA,NA,NA,NA,NA,NA,NA,NA,NA,NA
Nb22,1880,EA034,1,Tlingit,tlin1245,58.12,-133.92,NA,NA,NA,NA,NA,NA,NA,NA,NA,NA,NA,NA,NA,NA,NA
Nb23,1880,EA034,1,Heiltsuk,bell1263,52,-128,NA,NA,NA,NA,NA,NA,NA,NA,NA,NA,NA,NA,NA,NA,NA
Nb24,1860,EA034,1,Makah,maka1318,48.33,-124.62,NA,NA,NA,NA,NA,NA,NA,NA,NA,NA,NA,NA,NA,NA,NA
Nb25,1860,EA034,1,Quinault,quin1251,47.42,-124.16,NA,NA,NA,NA,NA,NA,NA,NA,NA,NA,NA,NA,NA,NA,NA
Nb26,1880,EA034,1,Cowichan,cowi1241,49.01,-122.73,NA,NA,NA,NA,NA,NA,NA,NA,NA,NA,NA,NA,NA,NA,NA
Nb27,1880,EA034,1,Stó:lō,chil1281,49,-122,NA,NA,NA,NA,NA,NA,NA,NA,NA,NA,NA,NA,NA,NA,NA
Nb28,NA,EA034,NA,Alsea,alse1251,44,-124,NA,NA,NA,NA,NA,NA,NA,NA,NA,NA,NA,NA,NA,NA,NA
Nb29,NA,EA034,NA,Siuslaw,sius1254,44,-124,NA,NA,NA,NA,NA,NA,NA,NA,NA,NA,NA,NA,NA,NA,NA
Nb3,NA,EA034,NA,Kwakwaka'wakw,kwak1269,51,-127.49,NA,NA,NA,NA,NA,NA,NA,NA,NA,NA,NA,NA,NA,NA,NA
Nb30,NA,EA034,NA,Takelma,take1257,42,-123,NA,NA,NA,NA,NA,NA,NA,NA,NA,NA,NA,NA,NA,NA,NA
Nb31,NA,EA034,NA,Tututni,tutu1242,42,-124,NA,NA,NA,NA,NA,NA,NA,NA,NA,NA,NA,NA,NA,NA,NA
Nb32,1860,EA034,1,Shasta,shas1239,41,-122,NA,NA,NA,NA,NA,NA,NA,NA,NA,NA,NA,NA,NA,NA,NA
Nb33,1860,EA034,1,Chimariko,chim1301,41,-123,NA,NA,NA,NA,NA,NA,NA,NA,NA,NA,NA,NA,NA,NA,NA
Nb34,1860,EA034,1,Karuk,karo1304,42,-123,NA,NA,NA,NA,NA,NA,NA,NA,NA,NA,NA,NA,NA,NA,NA
Nb35,1860,EA034,1,Hupa,hupa1239,41,-123,NA,NA,NA,NA,NA,NA,NA,NA,NA,NA,NA,NA,NA,NA,NA
Nb36,1860,EA034,2,Wiyot,wiyo1248,39.81,-123.55,NA,NA,NA,NA,NA,NA,NA,NA,NA,NA,NA,NA,NA,NA,NA
Nb37,NA,EA034,NA,Lassik,wail1244,40,-123,NA,NA,NA,NA,NA,NA,NA,NA,NA,NA,NA,NA,NA,NA,NA
Nb38,1860,EA034,1,Mattole-Bear River,matt1238,40.35,-123.47,NA,NA,NA,NA,NA,NA,NA,NA,NA,NA,NA,NA,NA,NA,NA
Nb39,1860,EA034,3,Sinkyone,wail1244,39.73,-123.6,NA,NA,NA,NA,NA,NA,NA,NA,NA,NA,NA,NA,NA,NA,NA
Nb4,1850,EA034,1,Yurok,yuro1248,41,-124,SCCS134,1,1,1,2,2,2,2,4,1,Yurok,10790474701,0.587750387,13.44053522,0.65134887
Nb5,1890,EA034,1,Eyak,eyak1241,60.34,-144.85,SCCS130,NA,NA,NA,NA,NA,NA,NA,NA,NA,Eyak,6981751820,0.667805767,39.3437819,0.541454996
Nb6,1870,EA034,1,Tolowa,tolo1259,42,-124,NA,NA,NA,NA,NA,NA,NA,NA,NA,NA,NA,NA,NA,NA,NA
Nb7,1880,EA034,1,Tsimshian,nucl1649,54.64,-130.25,NA,NA,NA,NA,NA,NA,NA,NA,NA,NA,NA,NA,NA,NA,NA
Nb8,1880,EA034,1,Haisla,hais1244,54,-129,NA,NA,NA,NA,NA,NA,NA,NA,NA,NA,NA,NA,NA,NA,NA
Nb9,1880,EA034,2,Nuxalk,bell1243,52,-127,SCCS132,1,2,1,2,3,1,4,3,1,Nuxalk,16364533162,0.674157665,48.66593005,0.541918409
Nc1,1850,EA034,2,Nomlaki,noml1242,39,-122,NA,NA,NA,NA,NA,NA,NA,NA,NA,NA,NA,NA,NA,NA,NA
Nc10,NA,EA034,NA,Achumawi,achu1247,41,-121,NA,NA,NA,NA,NA,NA,NA,NA,NA,NA,NA,NA,NA,NA,NA
Nc11,NA,EA034,NA,Yana,yana1271,41,-122,NA,NA,NA,NA,NA,NA,NA,NA,NA,NA,NA,NA,NA,NA,NA
Nc12,1850,EA034,2,Maidu,nort2952,40,-121,NA,NA,NA,NA,NA,NA,NA,NA,NA,NA,NA,NA,NA,NA,NA
Nc13,1850,EA034,1,Nisenan,nise1244,39,-121,NA,NA,NA,NA,NA,NA,NA,NA,NA,NA,NA,NA,NA,NA,NA
Nc14,1860,EA034,2,Wintu,nucl1651,41,-122,NA,NA,NA,NA,NA,NA,NA,NA,NA,NA,NA,NA,NA,NA,NA
Nc15,1860,EA034,2,Coast Yuki,yuki1243,39.34,-123.77,NA,NA,NA,NA,NA,NA,NA,NA,NA,NA,NA,NA,NA,NA,NA
Nc16,1860,EA034,2,Huchnom,yuki1243,39,-123,NA,NA,NA,NA,NA,NA,NA,NA,NA,NA,NA,NA,NA,NA,NA
Nc17,1860,EA034,1,Northern Pomo,nort2966,39,-123,NA,NA,NA,NA,NA,NA,NA,NA,NA,NA,NA,NA,NA,NA,NA
Nc18,1860,EA034,2,Eastern Pomo,east2545,39,-123,SCCS135,1,NA,1,1,3,2,3,3,1,Eastern Pomo,6496817890,0.488241822,15.66268573,0.666567942
Nc19,NA,EA034,NA,Southern Pomo,sout2984,38.55,-122.94,NA,NA,NA,NA,NA,NA,NA,NA,NA,NA,NA,NA,NA,NA,NA
Nc2,1850,EA034,1,Tübalulabal,tuba1278,39,-118,NA,NA,NA,NA,NA,NA,NA,NA,NA,NA,NA,NA,NA,NA,NA
Nc20,NA,EA034,NA,Wappo,wapp1239,38.22,-122.56,NA,NA,NA,NA,NA,NA,NA,NA,NA,NA,NA,NA,NA,NA,NA
Nc21,NA,EA034,NA,Lake Miwok,lake1258,38.75,-123.2,NA,NA,NA,NA,NA,NA,NA,NA,NA,NA,NA,NA,NA,NA,NA
Nc22,NA,EA034,NA,Patwin,patw1250,39,-122,NA,NA,NA,NA,NA,NA,NA,NA,NA,NA,NA,NA,NA,NA,NA
Nc23,NA,EA034,NA,Western Mono,mono1275,37,-119,NA,NA,NA,NA,NA,NA,NA,NA,NA,NA,NA,NA,NA,NA,NA
Nc24,1860,EA034,1,Southern Valley Yokuts,vall1251,36,-120,SCCS136,NA,NA,NA,NA,NA,NA,NA,NA,NA,Southern Valley Yokuts,2700143356,0.419393038,28.76947647,0.6188898
Nc25,NA,EA034,NA,Wukchumni,tule1245,36,-119,NA,NA,NA,NA,NA,NA,NA,NA,NA,NA,NA,NA,NA,NA,NA
Nc26,NA,EA034,NA,Salinan,sali1253,36,-121,NA,NA,NA,NA,NA,NA,NA,NA,NA,NA,NA,NA,NA,NA,NA
Nc27,NA,EA034,NA,Kawaiisu,kawa1283,35,-118,NA,NA,NA,NA,NA,NA,NA,NA,NA,NA,NA,NA,NA,NA,NA
Nc28,NA,EA034,NA,Chumash,cruz1243,34.44,-119.71,NA,NA,NA,NA,NA,NA,NA,NA,NA,NA,NA,NA,NA,NA,NA
Nc29,1770,EA034,2,Tongva,tong1329,34,-118,NA,NA,NA,NA,NA,NA,NA,NA,NA,NA,NA,NA,NA,NA,NA
Nc3,1850,EA034,1,Northern Foothill Yokuts,nort2937,36,-120,NA,NA,NA,NA,NA,NA,NA,NA,NA,NA,NA,NA,NA,NA,NA
Nc30,1870,EA034,2,Serrano,serr1255,34,-117,NA,NA,NA,NA,NA,NA,NA,NA,NA,NA,NA,NA,NA,NA,NA
Nc31,1870,EA034,2,Cahuilla (Desert),cahu1264,33,-116,NA,NA,NA,NA,NA,NA,NA,NA,NA,NA,NA,NA,NA,NA,NA
Nc32,NA,EA034,NA,Cupeño,cupe1243,33,-117,NA,NA,NA,NA,NA,NA,NA,NA,NA,NA,NA,NA,NA,NA,NA
Nc33,1860,EA034,1,Luiseño,luis1253,33,-117,NA,NA,NA,NA,NA,NA,NA,NA,NA,NA,NA,NA,NA,NA,NA
Nc34,1880,EA034,1,Kiliwa,kili1268,31,-115,NA,NA,NA,NA,NA,NA,NA,NA,NA,NA,NA,NA,NA,NA,NA
Nc4,1860,EA034,1,Atsugewi,atsu1245,41,-121,NA,NA,NA,NA,NA,NA,NA,NA,NA,NA,NA,NA,NA,NA,NA
Nc5,NA,EA034,NA,Central Sierra Miwok,cent2140,38,-120,NA,NA,NA,NA,NA,NA,NA,NA,NA,NA,NA,NA,NA,NA,NA
Nc6,1850,EA034,1,Kumeyaay,kumi1248,32,-116,NA,NA,NA,NA,NA,NA,NA,NA,NA,NA,NA,NA,NA,NA,NA
Nc7,1850,EA034,2,Yuki,yuki1243,40,-123,NA,NA,NA,NA,NA,NA,NA,NA,NA,NA,NA,NA,NA,NA,NA
Nc8,1860,EA034,1,Klamath,klam1254,43,-122,SCCS138,2,1,1,1,3,1,2,3,1,Klamath,15025939486,0.582081243,49.63424628,0.568131431
Nc9,1860,EA034,1,Modoc,klam1254,42,-122,SCCS138,2,1,1,1,3,1,2,3,1,Klamath,15025939486,0.582081243,49.63424628,0.568131431
Nd1,1850,EA034,4,Tenino,teni1238,45,-121,NA,NA,NA,NA,NA,NA,NA,NA,NA,NA,NA,NA,NA,NA,NA
Nd10,NA,EA034,NA,Nlaka'pamux,thom1243,50,-122,NA,NA,NA,NA,NA,NA,NA,NA,NA,NA,NA,NA,NA,NA,NA
Nd11,1850,EA034,1,Shuswap,shus1248,51,-120,NA,NA,NA,NA,NA,NA,NA,NA,NA,NA,NA,NA,NA,NA,NA
Nd12,1860,EA034,1,Bitterroot Salish,kali1309,46,-113,NA,NA,NA,NA,NA,NA,NA,NA,NA,NA,NA,NA,NA,NA,NA
Nd13,NA,EA034,NA,Kalispel,kali1309,49,-117,NA,NA,NA,NA,NA,NA,NA,NA,NA,NA,NA,NA,NA,NA,NA
Nd14,1860,EA034,1,Coeur d’Alene,coeu1236,48,-117,NA,NA,NA,NA,NA,NA,NA,NA,NA,NA,NA,NA,NA,NA,NA
Nd15,1880,EA034,2,Sinkaitk,sout2963,49,-120,NA,NA,NA,NA,NA,NA,NA,NA,NA,NA,NA,NA,NA,NA,NA
Nd16,NA,EA034,NA,Wenatchi,wena1241,48,-121,NA,NA,NA,NA,NA,NA,NA,NA,NA,NA,NA,NA,NA,NA,NA
Nd17,NA,EA034,NA,Klikitat,nucl1237,46,-122,NA,NA,NA,NA,NA,NA,NA,NA,NA,NA,NA,NA,NA,NA,NA
Nd18,1860,EA034,1,Wishram,wasc1239,46,-121,NA,NA,NA,NA,NA,NA,NA,NA,NA,NA,NA,NA,NA,NA,NA
Nd19,NA,EA034,NA,Umatilla,umat1237,46,-119,NA,NA,NA,NA,NA,NA,NA,NA,NA,NA,NA,NA,NA,NA,NA
Nd2,1860,EA034,2,Southern Ute,utee1244,38,-109,NA,NA,NA,NA,NA,NA,NA,NA,NA,NA,NA,NA,NA,NA,NA
Nd20,1850,EA034,1,Nez Perce,nezp1238,45,-115,NA,NA,NA,NA,NA,NA,NA,NA,NA,NA,NA,NA,NA,NA,NA
Nd21,NA,EA034,NA,Tagotoka,nort1551,43,-117,SCCS137,1,2,1,1,2,1,4,3,1,Wadadokado,1405122767,0.611246464,77.45744578,0.551526644
Nd22,1870,EA034,1,Wadadokado,nort1551,43,-119,SCCS137,1,2,1,1,2,1,4,3,1,Wadadokado,1405122767,0.611246464,77.45744578,0.551526644
Nd23,NA,EA034,NA,Atsakudokwa,nort1551,42,-118,SCCS137,1,2,1,1,2,1,4,3,1,Wadadokado,1405122767,0.611246464,77.45744578,0.551526644
Nd24,NA,EA034,NA,Kidutokado,nort1551,42,-120,SCCS137,1,2,1,1,2,1,4,3,1,Wadadokado,1405122767,0.611246464,77.45744578,0.551526644
Nd25,NA,EA034,NA,Sawakudokwa,nort1551,41,-118,SCCS137,1,2,1,1,2,1,4,3,1,Wadadokado,1405122767,0.611246464,77.45744578,0.551526644
Nd26,1870,EA034,1,Wadatkuht,sout2967,41,-120,NA,NA,NA,NA,NA,NA,NA,NA,NA,NA,NA,NA,NA,NA,NA
Nd27,1860,EA034,1,Kuyuidokado,sout2967,40,-119,NA,NA,NA,NA,NA,NA,NA,NA,NA,NA,NA,NA,NA,NA,NA
Nd28,NA,EA034,NA,Toedokado,sout2967,40,-118,NA,NA,NA,NA,NA,NA,NA,NA,NA,NA,NA,NA,NA,NA,NA
Nd29,NA,EA034,NA,Tunava (Deep Springs and Fish Lake),mono1275,37,-118,NA,NA,NA,NA,NA,NA,NA,NA,NA,NA,NA,NA,NA,NA,NA
Nd3,1870,EA034,1,Havasupai,hava1249,36,-112,SCCS150,1,1,1,2,3,2,4,2,2,Havasupai,1623479162,0.44606464,95.48394104,0.588108958
Nd30,1870,EA034,2,Eastern Mono,mono1275,37,-118,NA,NA,NA,NA,NA,NA,NA,NA,NA,NA,NA,NA,NA,NA,NA
Nd31,NA,EA034,NA,Koso,pana1305,36,-118,NA,NA,NA,NA,NA,NA,NA,NA,NA,NA,NA,NA,NA,NA,NA
Nd32,NA,EA034,NA,Tümpisa Shoshone (Saline and Panamint),pana1305,36,-117,NA,NA,NA,NA,NA,NA,NA,NA,NA,NA,NA,NA,NA,NA,NA
Nd33,NA,EA034,NA,Beatty,pana1305,37,-116,NA,NA,NA,NA,NA,NA,NA,NA,NA,NA,NA,NA,NA,NA,NA
Nd34,NA,EA034,NA,Lida Shoshoni,west2622,37,-117,NA,NA,NA,NA,NA,NA,NA,NA,NA,NA,NA,NA,NA,NA,NA
Nd35,NA,EA034,NA,Mahaguaduka,west2622,39,-117,NA,NA,NA,NA,NA,NA,NA,NA,NA,NA,NA,NA,NA,NA,NA
Nd36,NA,EA034,NA,Wiyambituka,west2622,39,-117,NA,NA,NA,NA,NA,NA,NA,NA,NA,NA,NA,NA,NA,NA,NA
Nd37,NA,EA034,NA,Railroad Valley Shoshoni,west2622,39,-116,NA,NA,NA,NA,NA,NA,NA,NA,NA,NA,NA,NA,NA,NA,NA
Nd38,NA,EA034,NA,Ely Shoshoni,west2622,39,-115,NA,NA,NA,NA,NA,NA,NA,NA,NA,NA,NA,NA,NA,NA,NA
Nd39,NA,EA034,NA,Spring Valley Shoshoni,west2622,40,-115,NA,NA,NA,NA,NA,NA,NA,NA,NA,NA,NA,NA,NA,NA,NA
Nd4,1870,EA034,3,Sanpoil,sanp1257,48,-119,NA,NA,NA,NA,NA,NA,NA,NA,NA,NA,NA,NA,NA,NA,NA
Nd40,NA,EA034,NA,Tubaduka,west2622,40,-113,NA,NA,NA,NA,NA,NA,NA,NA,NA,NA,NA,NA,NA,NA,NA
Nd41,NA,EA034,NA,Wadaduka,west2622,41,-116,NA,NA,NA,NA,NA,NA,NA,NA,NA,NA,NA,NA,NA,NA,NA
Nd42,NA,EA034,NA,Elko Shoshoni,west2622,41,-116,NA,NA,NA,NA,NA,NA,NA,NA,NA,NA,NA,NA,NA,NA,NA
Nd43,1860,EA034,2,White Knife Shoshoni,west2622,41,-117,NA,NA,NA,NA,NA,NA,NA,NA,NA,NA,NA,NA,NA,NA,NA
Nd44,NA,EA034,NA,Yahanduka,west2622,42,-115,NA,NA,NA,NA,NA,NA,NA,NA,NA,NA,NA,NA,NA,NA,NA
Nd45,NA,EA034,NA,Bohogue,nort2955,43,-112,NA,NA,NA,NA,NA,NA,NA,NA,NA,NA,NA,NA,NA,NA,NA
Nd46,NA,EA034,NA,Agaiduka,nort2955,44,-112,NA,NA,NA,NA,NA,NA,NA,NA,NA,NA,NA,NA,NA,NA,NA
Nd47,NA,EA034,NA,Tukudika,nort2955,44,-111,NA,NA,NA,NA,NA,NA,NA,NA,NA,NA,NA,NA,NA,NA,NA
Nd48,NA,EA034,NA,Gosiute,gosi1242,40,-114,NA,NA,NA,NA,NA,NA,NA,NA,NA,NA,NA,NA,NA,NA,NA
Nd49,NA,EA034,NA,Antarianunts,utee1244,37,-110,NA,NA,NA,NA,NA,NA,NA,NA,NA,NA,NA,NA,NA,NA,NA
Nd5,1870,EA034,1,Hukundika,nort2955,42,-112,NA,NA,NA,NA,NA,NA,NA,NA,NA,NA,NA,NA,NA,NA,NA
Nd50,NA,EA034,NA,Panguitch,utee1244,38,-112,NA,NA,NA,NA,NA,NA,NA,NA,NA,NA,NA,NA,NA,NA,NA
Nd51,NA,EA034,NA,Moapa,sout2969,36,-115,NA,NA,NA,NA,NA,NA,NA,NA,NA,NA,NA,NA,NA,NA,NA
Nd52,NA,EA034,NA,Shivwits,sout2969,36,-117,NA,NA,NA,NA,NA,NA,NA,NA,NA,NA,NA,NA,NA,NA,NA
Nd53,NA,EA034,NA,Southern Paiute (Kaibab),sout2969,36,-113,NA,NA,NA,NA,NA,NA,NA,NA,NA,NA,NA,NA,NA,NA,NA
Nd54,1860,EA034,1,Chemehuevi,chem1251,35,-115,NA,NA,NA,NA,NA,NA,NA,NA,NA,NA,NA,NA,NA,NA,NA
Nd55,NA,EA034,NA,Southern Paiute (Las Vegas),sout2969,36,-115,NA,NA,NA,NA,NA,NA,NA,NA,NA,NA,NA,NA,NA,NA,NA
Nd56,NA,EA034,NA,San Juan,sout2969,36,-111,NA,NA,NA,NA,NA,NA,NA,NA,NA,NA,NA,NA,NA,NA,NA
Nd57,NA,EA034,NA,Pahvant,utee1244,39,-113,NA,NA,NA,NA,NA,NA,NA,NA,NA,NA,NA,NA,NA,NA,NA
Nd58,NA,EA034,NA,Uintah Ute,utee1244,40,-112,NA,NA,NA,NA,NA,NA,NA,NA,NA,NA,NA,NA,NA,NA,NA
Nd59,NA,EA034,NA,Moanunts,utee1244,39,-112,NA,NA,NA,NA,NA,NA,NA,NA,NA,NA,NA,NA,NA,NA,NA
Nd6,1850,EA034,1,Washo,wash1253,39,-120,NA,NA,NA,NA,NA,NA,NA,NA,NA,NA,NA,NA,NA,NA,NA
Nd60,NA,EA034,NA,Moache,utee1244,37,-105,NA,NA,NA,NA,NA,NA,NA,NA,NA,NA,NA,NA,NA,NA,NA
Nd61,NA,EA034,NA,Taviwatsiu,utee1244,40,-105,NA,NA,NA,NA,NA,NA,NA,NA,NA,NA,NA,NA,NA,NA,NA
Nd62,NA,EA034,NA,Uncompahgre Ute,utee1244,39,-107,NA,NA,NA,NA,NA,NA,NA,NA,NA,NA,NA,NA,NA,NA,NA
Nd63,NA,EA034,NA,Bannock,bann1248,43,-112,NA,NA,NA,NA,NA,NA,NA,NA,NA,NA,NA,NA,NA,NA,NA
Nd64,NA,EA034,NA,Wind River Eastern Shoshone,nort2955,43,-109,NA,NA,NA,NA,NA,NA,NA,NA,NA,NA,NA,NA,NA,NA,NA
Nd65,1870,EA034,1,Hualapai,wala1270,36,-114,NA,NA,NA,NA,NA,NA,NA,NA,NA,NA,NA,NA,NA,NA,NA
Nd66,1870,EA034,1,Yavapai,yava1252,35,-112,NA,NA,NA,NA,NA,NA,NA,NA,NA,NA,NA,NA,NA,NA,NA
Nd67,1870,EA034,1,Tolkepaya,yava1252,34,-114,NA,NA,NA,NA,NA,NA,NA,NA,NA,NA,NA,NA,NA,NA,NA
Nd7,1880,EA034,2,Kutenai,kute1249,50,-117,SCCS139,NA,NA,NA,1,3,1,3,3,1,Kutenai,2644522890,0.626850806,90.63468293,0.539296161
Nd8,NA,EA034,NA,Chilcotin,chil1280,52,-122,NA,NA,NA,NA,NA,NA,NA,NA,NA,NA,NA,NA,NA,NA,NA
Nd9,1860,EA034,1,Lillooet,lill1248,50.02,-124.78,NA,NA,NA,NA,NA,NA,NA,NA,NA,NA,NA,NA,NA,NA,NA
Ne1,1880,EA034,4,Gros Ventre,gros1243,48.78,-108.98,SCCS140,NA,NA,NA,NA,NA,NA,NA,NA,NA,Gros Ventre,590114282,0.658103503,148.9790884,0.509995463
Ne10,NA,EA034,NA,Arikara,arik1262,46,-101,NA,NA,NA,NA,NA,NA,NA,NA,NA,NA,NA,NA,NA,NA,NA
Ne11,1870,EA034,2,Assiniboine,assi1247,48,-106,NA,NA,NA,NA,NA,NA,NA,NA,NA,NA,NA,NA,NA,NA,NA
Ne12,1850,EA034,2,Blackfoot,pieg1239,51,-112,NA,NA,NA,NA,NA,NA,NA,NA,NA,NA,NA,NA,NA,NA,NA
Ne13,1850,EA034,2,Kainai,bloo1239,51,-115,NA,NA,NA,NA,NA,NA,NA,NA,NA,NA,NA,NA,NA,NA,NA
Ne14,1850,EA034,2,Bungi,west1510,51,-100,NA,NA,NA,NA,NA,NA,NA,NA,NA,NA,NA,NA,NA,NA,NA
Ne15,1860,EA034,2,Hidatsa,hida1246,47,-101,SCCS141,NA,NA,NA,NA,NA,NA,NA,NA,NA,Hidatsa,766656465.2,0.633481258,187.5572978,0.508878774
Ne16,NA,EA034,NA,Karankawa,kara1289,29,-96,NA,NA,NA,NA,NA,NA,NA,NA,NA,NA,NA,NA,NA,NA,NA
Ne17,NA,EA034,NA,Kiowa,kiow1266,36,-99,NA,NA,NA,NA,NA,NA,NA,NA,NA,NA,NA,NA,NA,NA,NA
Ne18,1850,EA034,2,Piegan,pieg1239,49,-115,NA,NA,NA,NA,NA,NA,NA,NA,NA,NA,NA,NA,NA,NA,NA
Ne19,1850,EA034,2,Plains Cree,plai1258,45,-94,NA,NA,NA,NA,NA,NA,NA,NA,NA,NA,NA,NA,NA,NA,NA
Ne2,NA,EA034,NA,Kiowa Apache,kiow1264,36,-99,NA,NA,NA,NA,NA,NA,NA,NA,NA,NA,NA,NA,NA,NA,NA
Ne20,NA,EA034,NA,Santee,dako1258,45,-94,NA,NA,NA,NA,NA,NA,NA,NA,NA,NA,NA,NA,NA,NA,NA
Ne21,NA,EA034,NA,Coahuilteco,coah1252,29,-99,NA,NA,NA,NA,NA,NA,NA,NA,NA,NA,NA,NA,NA,NA,NA
Ne3,NA,EA034,NA,Comanche,coma1245,33,-100,SCCS147,1,1,1,1,2,1,4,2,3,Comanche,1583535098,0.575382605,94.75370732,0.568641162
Ne4,1870,EA034,1,Crow,crow1244,45,-108,NA,NA,NA,NA,NA,NA,NA,NA,NA,NA,NA,NA,NA,NA,NA
Ne5,1860,EA034,1,Cheyenne,chey1247,39,-104,NA,NA,NA,NA,NA,NA,NA,NA,NA,NA,NA,NA,NA,NA,NA
Ne6,NA,EA034,NA,Mandan,mand1446,47,-101,NA,NA,NA,NA,NA,NA,NA,NA,NA,NA,NA,NA,NA,NA,NA
Ne7,NA,EA034,NA,Sarcee,sars1236,54,-110,NA,NA,NA,NA,NA,NA,NA,NA,NA,NA,NA,NA,NA,NA,NA
Ne8,1870,EA034,2,Teton,lako1247,43,-103,NA,NA,NA,NA,NA,NA,NA,NA,NA,NA,NA,NA,NA,NA,NA
Ne9,1860,EA034,1,Arapaho,arap1274,40,-103,NA,NA,NA,NA,NA,NA,NA,NA,NA,NA,NA,NA,NA,NA,NA
Nf10,NA,EA034,NA,Iowa,iowa1246,41,-95,NA,NA,NA,NA,NA,NA,NA,NA,NA,NA,NA,NA,NA,NA,NA
Nf11,NA,EA034,NA,Otoe,otoo1241,40,-95,NA,NA,NA,NA,NA,NA,NA,NA,NA,NA,NA,NA,NA,NA,NA
Nf12,NA,EA034,NA,Ponca,ponc1241,43,-99,NA,NA,NA,NA,NA,NA,NA,NA,NA,NA,NA,NA,NA,NA,NA
Nf13,1820,EA034,4,Shawnee,shaw1249,37,-85,NA,NA,NA,NA,NA,NA,NA,NA,NA,NA,NA,NA,NA,NA,NA
Nf14,NA,EA034,NA,Caddo,cadd1256,33,-93,NA,NA,NA,NA,NA,NA,NA,NA,NA,NA,NA,NA,NA,NA,NA
Nf15,NA,EA034,NA,Kickapoo,kick1244,43,-90,NA,NA,NA,NA,NA,NA,NA,NA,NA,NA,NA,NA,NA,NA,NA
Nf2,NA,EA034,NA,Ho Chunk,hoch1243,44,-88,NA,NA,NA,NA,NA,NA,NA,NA,NA,NA,NA,NA,NA,NA,NA
Nf3,1850,EA034,1,Omaha,omah1248,41,-96,SCCS143,1,1,1,1,3,1,2,3,1,Omaha,1387105739,0.616569554,161.093025,0.524770885
Nf4,1720,EA034,3,Myaamia,miam1252,40,-86,NA,NA,NA,NA,NA,NA,NA,NA,NA,NA,NA,NA,NA,NA,NA
Nf5,1860,EA034,2,Wichita,wich1260,34,-98,NA,NA,NA,NA,NA,NA,NA,NA,NA,NA,NA,NA,NA,NA,NA
Nf6,1867,EA034,2,Pawnee,pawn1254,42,-100,SCCS142,NA,2,1,1,2,1,2,4,1,Pawnee,1386862473,0.613605807,140.6277234,0.526247596
Nf7,1830,EA034,4,Fox,mesk1242,45,-95,NA,NA,NA,NA,NA,NA,NA,NA,NA,NA,NA,NA,NA,NA,NA
Nf8,1770,EA034,4,Hasinai,cadd1256,31,-95,NA,NA,NA,NA,NA,NA,NA,NA,NA,NA,NA,NA,NA,NA,NA
Nf9,NA,EA034,NA,Menominee,meno1252,46,-88,NA,NA,NA,NA,NA,NA,NA,NA,NA,NA,NA,NA,NA,NA,NA
Ng1,1640,EA034,2,Huron,wyan1247,44,-78,SCCS144,1,1,1,1,2,1,4,3,1,Huron,1124859360,0.706719488,134.7726297,0.556715243
Ng10,1750,EA034,2,Seneca,sene1264,43,-77,NA,NA,NA,NA,NA,NA,NA,NA,NA,NA,NA,NA,NA,NA,NA
Ng11,NA,EA034,NA,Yuchi,yuch1247,35,-86,NA,NA,NA,NA,NA,NA,NA,NA,NA,NA,NA,NA,NA,NA,NA
Ng12,NA,EA034,NA,Choctaw,choc1276,33,-88,NA,NA,NA,NA,NA,NA,NA,NA,NA,NA,NA,NA,NA,NA,NA
Ng13,NA,EA034,NA,Abenaki,peno1243,46,-70,NA,NA,NA,NA,NA,NA,NA,NA,NA,NA,NA,NA,NA,NA,NA
Ng14,NA,EA034,NA,Chickasaw,chic1270,35,-85,NA,NA,NA,NA,NA,NA,NA,NA,NA,NA,NA,NA,NA,NA,NA
Ng15,NA,EA034,NA,Chitimacha,chit1248,30,-90,NA,NA,NA,NA,NA,NA,NA,NA,NA,NA,NA,NA,NA,NA,NA
Ng2,NA,EA034,NA,Seminole,mika1239,27,-81,NA,NA,NA,NA,NA,NA,NA,NA,NA,NA,NA,NA,NA,NA,NA
Ng3,1750,EA034,2,Muscogee,cree1270,33,-84,SCCS145,NA,NA,NA,NA,NA,NA,NA,NA,NA,Muscogee,2746224264,0.652124125,56.28147902,0.621906609
Ng4,NA,EA034,NA,Penobscot,peno1243,45,-68,NA,NA,NA,NA,NA,NA,NA,NA,NA,NA,NA,NA,NA,NA,NA
Ng5,NA,EA034,NA,Cherokee,cher1273,36,-83,NA,NA,NA,NA,NA,NA,NA,NA,NA,NA,NA,NA,NA,NA,NA
Ng6,1700,EA034,3,Delaware,unam1242,41,-75,NA,NA,NA,NA,NA,NA,NA,NA,NA,NA,NA,NA,NA,NA,NA
Ng7,1700,EA034,2,Natchez,natc1249,32,-91,SCCS146,NA,NA,NA,NA,NA,NA,NA,NA,NA,Natchez,1994728610,0.633149399,58.67955974,0.618020174
Ng8,1560,EA034,1,Timucua,timu1245,27,-82,NA,NA,NA,NA,NA,NA,NA,NA,NA,NA,NA,NA,NA,NA,NA
Ng9,NA,EA034,NA,Catawba,cata1286,35,-80,NA,NA,NA,NA,NA,NA,NA,NA,NA,NA,NA,NA,NA,NA,NA
Nh1,1880,EA034,1,Chiricahua,mesc1238,31,-108,SCCS148,1,2,2,1,2,1,3,4,1,Chiricahua,1165794130,0.51981461,69.94469182,0.605925134
Nh10,1920,EA034,1,Isleta,sout2961,35,-107,NA,NA,NA,NA,NA,NA,NA,NA,NA,NA,NA,NA,NA,NA,NA
Nh11,1900,EA034,1,San Ildefonso,sani1273,36,-106,NA,NA,NA,NA,NA,NA,NA,NA,NA,NA,NA,NA,NA,NA,NA
Nh12,1920,EA034,1,Santa Ana,sant1426,35,-107,NA,NA,NA,NA,NA,NA,NA,NA,NA,NA,NA,NA,NA,NA,NA
Nh13,NA,EA034,NA,Acoma,acom1246,35,-108,NA,NA,NA,NA,NA,NA,NA,NA,NA,NA,NA,NA,NA,NA,NA
Nh14,NA,EA034,NA,Laguna,acom1246,35,-107,NA,NA,NA,NA,NA,NA,NA,NA,NA,NA,NA,NA,NA,NA,NA
Nh15,NA,EA034,NA,Mescalero,mesc1238,33,-103,SCCS148,1,2,2,1,2,1,3,4,1,Chiricahua,1165794130,0.51981461,69.94469182,0.605925134
Nh16,1870,EA034,1,Jicarilla,jica1244,36,-104,NA,NA,NA,NA,NA,NA,NA,NA,NA,NA,NA,NA,NA,NA,NA
Nh17,NA,EA034,NA,Western Apache,west2615,34,-110,NA,NA,NA,NA,NA,NA,NA,NA,NA,NA,NA,NA,NA,NA,NA
Nh18,1920,EA034,1,Hopi,hopi1249,36,-111,NA,NA,NA,NA,NA,NA,NA,NA,NA,NA,NA,NA,NA,NA,NA
Nh19,1850,EA034,1,Cocopa,coco1261,32,-115,NA,NA,NA,NA,NA,NA,NA,NA,NA,NA,NA,NA,NA,NA,NA
Nh2,NA,EA034,NA,Hano,ariz1237,36,-111,NA,NA,NA,NA,NA,NA,NA,NA,NA,NA,NA,NA,NA,NA,NA
Nh20,1860,EA034,1,Kamia,kumi1248,33,-115,NA,NA,NA,NA,NA,NA,NA,NA,NA,NA,NA,NA,NA,NA,NA
Nh21,1850,EA034,1,Mojave,moha1256,35,-114,NA,NA,NA,NA,NA,NA,NA,NA,NA,NA,NA,NA,NA,NA,NA
Nh22,NA,EA034,NA,Quechan,quec1382,33,-114,NA,NA,NA,NA,NA,NA,NA,NA,NA,NA,NA,NA,NA,NA,NA
Nh23,NA,EA034,NA,Kewyipaya,yava1252,34,-111,NA,NA,NA,NA,NA,NA,NA,NA,NA,NA,NA,NA,NA,NA,NA
Nh24,NA,EA034,NA,Lipan Apache,lipa1241,30,-100,NA,NA,NA,NA,NA,NA,NA,NA,NA,NA,NA,NA,NA,NA,NA
Nh25,1920,EA034,2,Sia,ziaa1251,36,-107,NA,NA,NA,NA,NA,NA,NA,NA,NA,NA,NA,NA,NA,NA,NA
Nh26,NA,EA034,NA,Santa Clara,sant1421,36,-106,NA,NA,NA,NA,NA,NA,NA,NA,NA,NA,NA,NA,NA,NA,NA
Nh27,NA,EA034,NA,Kewa,sant1425,36,-105,NA,NA,NA,NA,NA,NA,NA,NA,NA,NA,NA,NA,NA,NA,NA
Nh3,1930,EA034,1,Navajo,nava1243,37,-110,NA,NA,NA,NA,NA,NA,NA,NA,NA,NA,NA,NA,NA,NA,NA
Nh4,1910,EA034,1,Zuni,zuni1245,35,-109,SCCS149,1,2,1,1,3,NA,3,4,2,Zuni,789133235.5,0.5558235,102.5514047,0.57931965
Nh5,1850,EA034,1,Maricopa,mari1440,33,-113,NA,NA,NA,NA,NA,NA,NA,NA,NA,NA,NA,NA,NA,NA,NA
Nh6,NA,EA034,NA,Taos,taos1236,37,-106,NA,NA,NA,NA,NA,NA,NA,NA,NA,NA,NA,NA,NA,NA,NA
Nh7,1890,EA034,1,Cochiti,coch1273,36,-106,NA,NA,NA,NA,NA,NA,NA,NA,NA,NA,NA,NA,NA,NA,NA
Nh8,NA,EA034,NA,Jemez,jeme1245,36,-107,NA,NA,NA,NA,NA,NA,NA,NA,NA,NA,NA,NA,NA,NA,NA
Nh9,1920,EA034,1,Picuris,picu1248,36,-106,NA,NA,NA,NA,NA,NA,NA,NA,NA,NA,NA,NA,NA,NA,NA
Ni1,1930,EA034,4,Tarahumara,cent2131,28,-107,NA,NA,NA,NA,NA,NA,NA,NA,NA,NA,NA,NA,NA,NA,NA
Ni2,1930,EA034,4,Tohono O'odham,toho1246,31,-112,SCCS151,NA,NA,NA,NA,NA,NA,NA,NA,NA,Tohono O'odham,704821051.5,0.403531842,62.26395819,0.614612452
Ni3,NA,EA034,NA,Huichol,huic1243,22,-105,SCCS152,NA,NA,NA,NA,NA,NA,NA,NA,NA,Huichol,16962515259,0.589552149,3.694048248,0.80148585
Ni4,NA,EA034,NA,Seri,seri1257,29,-112,NA,NA,NA,NA,NA,NA,NA,NA,NA,NA,NA,NA,NA,NA,NA
Ni5,1570,EA034,1,Chichimeca,chic1272,22,-100,NA,NA,NA,NA,NA,NA,NA,NA,NA,NA,NA,NA,NA,NA,NA
Ni6,NA,EA034,NA,Pima,akim1239,31,-111,NA,NA,NA,NA,NA,NA,NA,NA,NA,NA,NA,NA,NA,NA,NA
Ni7,NA,EA034,NA,Yaqui,yaqu1251,28,-110,NA,NA,NA,NA,NA,NA,NA,NA,NA,NA,NA,NA,NA,NA,NA
Ni8,NA,EA034,NA,Opata,opat1246,30,-110,NA,NA,NA,NA,NA,NA,NA,NA,NA,NA,NA,NA,NA,NA,NA
Ni9,NA,EA034,NA,Tepehuán,nort2959,27,-107,NA,NA,NA,NA,NA,NA,NA,NA,NA,NA,NA,NA,NA,NA,NA
Nj1,1940,EA034,4,Chinantec,ojit1237,18,-96,NA,NA,NA,NA,NA,NA,NA,NA,NA,NA,NA,NA,NA,NA,NA
Nj10,1940,EA034,4,Zapotec,yala1267,17,-96,NA,NA,NA,NA,NA,NA,NA,NA,NA,NA,NA,NA,NA,NA,NA
Nj11,NA,EA034,NA,Huastec,huas1242,22,-99,NA,NA,NA,NA,NA,NA,NA,NA,NA,NA,NA,NA,NA,NA,NA
Nj12,NA,EA034,NA,Mixtec,juxt1235,18,-98,NA,NA,NA,NA,NA,NA,NA,NA,NA,NA,NA,NA,NA,NA,NA
Nj13,NA,EA034,NA,Otomí,mezq1235,20,-99,NA,NA,NA,NA,NA,NA,NA,NA,NA,NA,NA,NA,NA,NA,NA
Nj14,NA,EA034,NA,Tequistlatec,high1242,16,-96,NA,NA,NA,NA,NA,NA,NA,NA,NA,NA,NA,NA,NA,NA,NA
Nj2,1520,EA034,3,Aztec,clas1250,19,-99,SCCS153,1,1,1,2,2,1,3,4,2,Aztec,8269156567,0.658068088,5.989441857,0.760565231
Nj3,1940,EA034,4,Sierra Popoluca,high1276,18,-95,SCCS154,2,NA,NA,1,3,1,3,4,2,Sierra Popoluca,4265147622,0.747256961,7.057895546,0.75138058
Nj4,NA,EA034,NA,Totonac,papa1238,20,-97,NA,NA,NA,NA,NA,NA,NA,NA,NA,NA,NA,NA,NA,NA,NA
Nj5,NA,EA034,NA,Mazateco,huau1238,18,-97,NA,NA,NA,NA,NA,NA,NA,NA,NA,NA,NA,NA,NA,NA,NA
Nj6,NA,EA034,NA,Huave,sanm1287,16.22,-95.02,NA,NA,NA,NA,NA,NA,NA,NA,NA,NA,NA,NA,NA,NA,NA
Nj7,1930,EA034,4,Mixe,isth1238,17,-95,NA,NA,NA,NA,NA,NA,NA,NA,NA,NA,NA,NA,NA,NA,NA
Nj8,NA,EA034,NA,Tarasco,pure1242,19,-101,NA,NA,NA,NA,NA,NA,NA,NA,NA,NA,NA,NA,NA,NA,NA
Nj9,1960,EA034,4,Tlaxcalans,cent2132,19,-98,NA,NA,NA,NA,NA,NA,NA,NA,NA,NA,NA,NA,NA,NA,NA
Sa1,1940,EA034,4,Guna,sanb1242,9,-78,SCCS158,1,1,2,2,3,1,4,2,2,Guna,21744630225,0.754203495,0.346034603,0.844883836
Sa10,1900,EA034,2,Lacandon,laca1243,16.9,-91,NA,NA,NA,NA,NA,NA,NA,NA,NA,NA,NA,NA,NA,NA,NA
Sa11,NA,EA034,NA,Kaqchikel,kaqc1270,14,-91,NA,NA,NA,NA,NA,NA,NA,NA,NA,NA,NA,NA,NA,NA,NA
Sa12,1948,EA034,4,Lenca,lenc1242,14,-88,NA,NA,NA,NA,NA,NA,NA,NA,NA,NA,NA,NA,NA,NA,NA
Sa13,1930,EA034,4,K'iche',kich1262,15,-91,SCCS155,1,1,1,2,1,1,4,3,1,K'iche',9210797676,0.676147291,3.027172052,0.777626739
Sa14,NA,EA034,NA,Ngäbe,ngab1239,8,-81,NA,NA,NA,NA,NA,NA,NA,NA,NA,NA,NA,NA,NA,NA,NA
Sa15,NA,EA034,NA,Jakaltek,popt1235,14,-90,NA,NA,NA,NA,NA,NA,NA,NA,NA,NA,NA,NA,NA,NA,NA
Sa16,NA,EA034,NA,Tolupan,toll1241,15,-87,NA,NA,NA,NA,NA,NA,NA,NA,NA,NA,NA,NA,NA,NA,NA
Sa17,NA,EA034,NA,Poqomam,poqo1253,15,-91,NA,NA,NA,NA,NA,NA,NA,NA,NA,NA,NA,NA,NA,NA,NA
Sa2,NA,EA034,NA,Tzeltal,tzel1254,17,-92,NA,NA,NA,NA,NA,NA,NA,NA,NA,NA,NA,NA,NA,NA,NA
Sa3,1930,EA034,2,Ch'orti',chor1273,14,-89,NA,NA,NA,NA,NA,NA,NA,NA,NA,NA,NA,NA,NA,NA,NA
Sa4,1960,EA034,2,Emberá,nort2972,8,-78,NA,NA,NA,NA,NA,NA,NA,NA,NA,NA,NA,NA,NA,NA,NA
Sa5,1950,EA034,3,Bribri,brib1243,9,-83,SCCS157,NA,NA,NA,NA,NA,NA,NA,NA,NA,Bribri,13672070334,0.737767558,0.186626448,0.8055649
Sa6,NA,EA034,NA,Yucatec Maya,yuca1254,18,-90,NA,NA,NA,NA,NA,NA,NA,NA,NA,NA,NA,NA,NA,NA,NA
Sa7,1940,EA034,4,Garifuna,gari1256,16,-89,NA,NA,NA,NA,NA,NA,NA,NA,NA,NA,NA,NA,NA,NA,NA
Sa8,1930,EA034,4,Mam,mamm1241,15,-92,NA,NA,NA,NA,NA,NA,NA,NA,NA,NA,NA,NA,NA,NA,NA
Sa9,1920,EA034,4,Miskito,misk1235,14.766,-84.089,SCCS156,1,1,1,1,2,1,4,3,1,Miskito,3617435018,0.715106202,0.977782661,0.856405403
Sb1,1650,EA034,2,Callinago,isla1278,15.41,-61.27,SCCS161,NA,NA,NA,NA,NA,NA,NA,NA,NA,Callinago,1681700105,0.637897047,1.41036712,0.853289992
Sb2,1940,EA034,2,Cágaba,cogu1240,11,-74,NA,NA,NA,NA,NA,NA,NA,NA,NA,NA,NA,NA,NA,NA,NA
Sb3,NA,EA034,NA,Barí (Motilon),yukp1241,9,-72,NA,NA,NA,NA,NA,NA,NA,NA,NA,NA,NA,NA,NA,NA,NA
Sb4,1950,EA034,1,Cariña,taba1267,9,-64,NA,NA,NA,NA,NA,NA,NA,NA,NA,NA,NA,NA,NA,NA,NA
Sb5,1950,EA034,2,Paraujano,para1316,11,-72,NA,NA,NA,NA,NA,NA,NA,NA,NA,NA,NA,NA,NA,NA,NA
Sb6,1940,EA034,3,Wayuu,wayu1243,12,-72,SCCS159,1,1,1,1,2,1,4,2,2,Wayuu,690620975.3,0.695438965,1.224917293,0.858467477
Sb7,1950,EA034,2,Yupa,yukp1241,9,-72,NA,NA,NA,NA,NA,NA,NA,NA,NA,NA,NA,NA,NA,NA,NA
Sb8,1520,EA034,2,Taíno,tain1254,19.94,-75.37,NA,NA,NA,NA,NA,NA,NA,NA,NA,NA,NA,NA,NA,NA,NA
Sb9,1930,EA034,4,Haitians,hait1244,18.41,-72.17,SCCS160,1,1,1,1,2,1,4,3,2,Haitians,1380097250,0.654885925,1.782212887,0.836500495
Sc1,1950,EA034,4,Warao,wara1303,9,-62,SCCS162,1,1,1,1,2,2,3,4,1,Warao,2053100779,0.776031139,0.782840991,0.833988352
Sc10,1900,EA034,2,Lokono,araw1276,5.95,-56.98,NA,NA,NA,NA,NA,NA,NA,NA,NA,NA,NA,NA,NA,NA,NA
Sc11,NA,EA034,NA,Camaracoto,cama1252,6,-63,NA,NA,NA,NA,NA,NA,NA,NA,NA,NA,NA,NA,NA,NA,NA
Sc12,NA,EA034,NA,Macushi,macu1259,4,-59,NA,NA,NA,NA,NA,NA,NA,NA,NA,NA,NA,NA,NA,NA,NA
Sc13,NA,EA034,NA,Panare,enap1235,6,-66,NA,NA,NA,NA,NA,NA,NA,NA,NA,NA,NA,NA,NA,NA,NA
Sc14,NA,EA034,NA,Rucuyen,waya1269,3,-55,NA,NA,NA,NA,NA,NA,NA,NA,NA,NA,NA,NA,NA,NA,NA
Sc15,NA,EA034,NA,Taulípang,taul1252,4,-62,NA,NA,NA,NA,NA,NA,NA,NA,NA,NA,NA,NA,NA,NA,NA
Sc16,NA,EA034,NA,Ye'kuana,maqu1238,3,-65,NA,NA,NA,NA,NA,NA,NA,NA,NA,NA,NA,NA,NA,NA,NA
Sc17,NA,EA034,NA,Piapoco,piap1246,6,-68,NA,NA,NA,NA,NA,NA,NA,NA,NA,NA,NA,NA,NA,NA,NA
Sc18,1960,EA034,2,Ndyuka,ndyu1242,5,-54,NA,NA,NA,NA,NA,NA,NA,NA,NA,NA,NA,NA,NA,NA,NA
Sc2,NA,EA034,NA,Pumé,pume1238,7,-68,NA,NA,NA,NA,NA,NA,NA,NA,NA,NA,NA,NA,NA,NA,NA
Sc3,1930,EA034,2,Barama River Carib,mura1272,5,-59,SCCS164,NA,NA,NA,NA,NA,NA,NA,NA,NA,Barama River Carib,3196062741,0.797256885,1.063731471,0.784225637
Sc4,1950,EA034,1,Guahibo,guah1255,5,-69,NA,NA,NA,NA,NA,NA,NA,NA,NA,NA,NA,NA,NA,NA,NA
Sc5,NA,EA034,NA,Wapishana,wapi1253,3,-60,NA,NA,NA,NA,NA,NA,NA,NA,NA,NA,NA,NA,NA,NA,NA
Sc6,NA,EA034,NA,Saramaccan,sara1340,4,-56,SCCS165,1,1,1,1,2,2,4,3,1,Saramaccan,7982395717,0.726687272,1.815951677,0.724681911
Sc7,1950,EA034,1,Yabarana,yaba1248,5,-66,NA,NA,NA,NA,NA,NA,NA,NA,NA,NA,NA,NA,NA,NA,NA
Sc8,1950,EA034,1,Piaroa,piar1243,5,-67,NA,NA,NA,NA,NA,NA,NA,NA,NA,NA,NA,NA,NA,NA,NA
Sc9,NA,EA034,NA,Curripaco,curr1243,5,-67,NA,NA,NA,NA,NA,NA,NA,NA,NA,NA,NA,NA,NA,NA,NA
Sd1,1950,EA034,1,Munduruku,mund1330,-6,-58,SCCS166,1,1,2,1,1,1,3,4,2,Munduruku,20091075180,0.731623317,0.933747154,0.785870663
Sd2,1930,EA034,1,Tapirapé,tapi1254,-11,-52,NA,NA,NA,NA,NA,NA,NA,NA,NA,NA,NA,NA,NA,NA,NA
Sd3,NA,EA034,NA,Palikur,pali1279,3,-52,NA,NA,NA,NA,NA,NA,NA,NA,NA,NA,NA,NA,NA,NA,NA
Sd4,NA,EA034,NA,Guaica,yano1262,2,-65,NA,NA,NA,NA,NA,NA,NA,NA,NA,NA,NA,NA,NA,NA,NA
Sd5,NA,EA034,NA,Sateré Mawé,sate1243,-4,-57,NA,NA,NA,NA,NA,NA,NA,NA,NA,NA,NA,NA,NA,NA,NA
Sd6,NA,EA034,NA,Shiriana,nina1238,4,-63,NA,NA,NA,NA,NA,NA,NA,NA,NA,NA,NA,NA,NA,NA,NA
Sd7,1950,EA034,1,Wai-wai,waiw1244,1,-59,NA,NA,NA,NA,NA,NA,NA,NA,NA,NA,NA,NA,NA,NA,NA
Sd8,1950,EA034,1,Sanema,sanu1240,4,-66,NA,NA,NA,NA,NA,NA,NA,NA,NA,NA,NA,NA,NA,NA,NA
Sd9,1965,EA034,1,Yanomami,yano1261,2,-65,SCCS163,NA,NA,NA,NA,NA,NA,NA,NA,NA,Yanomami,18950462637,0.692074174,0.351948198,0.7939747
Se1,1940,EA034,2,Sirionó,siri1273,-16,-64,SCCS173,2,1,2,1,2,2,4,1,1,Sirionó,6801139023,0.627940061,2.743355668,0.699749967
Se10,1670,EA034,2,Cocama,coca1259,1,-79,NA,NA,NA,NA,NA,NA,NA,NA,NA,NA,NA,NA,NA,NA,NA
Se11,NA,EA034,NA,Chácobo,chac1251,-12,-67,NA,NA,NA,NA,NA,NA,NA,NA,NA,NA,NA,NA,NA,NA,NA
Se12,NA,EA034,NA,Tucano,tuca1252,0,-70,NA,NA,NA,NA,NA,NA,NA,NA,NA,NA,NA,NA,NA,NA,NA
Se2,1940,EA034,2,Ticuna,ticu1245,-3,-70,NA,NA,NA,NA,NA,NA,NA,NA,NA,NA,NA,NA,NA,NA,NA
Se3,1930,EA034,1,Shuar,shua1257,-3,-78,SCCS169,2,2,2,1,2,1,3,4,2,Shuar,8841008874,0.713244058,0.814206813,0.776108034
Se4,1940,EA034,1,Yagua,yagu1244,-3,-72,NA,NA,NA,NA,NA,NA,NA,NA,NA,NA,NA,NA,NA,NA,NA
Se5,1940,EA034,1,Cubeo,cube1242,1,-71,SCCS167,1,1,1,1,2,1,2,4,1,Cubeo,8701186359,0.816894928,0.230648081,0.808392515
Se6,1910,EA034,2,Witoto,muru1274,-1,-74,NA,NA,NA,NA,NA,NA,NA,NA,NA,NA,NA,NA,NA,NA,NA
Se7,NA,EA034,NA,Camba,chiq1248,-18,-63,NA,NA,NA,NA,NA,NA,NA,NA,NA,NA,NA,NA,NA,NA,NA
Se8,1950,EA034,1,Amahuaca,amah1246,-10,-72,SCCS170,1,1,1,1,2,1,3,4,1,Amahuaca,5823699641,0.726753273,1.170562151,0.748946486
Se9,1920,EA034,1,Shipibo-Conibo,ship1254,-9,-74,NA,NA,NA,NA,NA,NA,NA,NA,NA,NA,NA,NA,NA,NA,NA
Sf1,1530,EA034,2,Inca,cusc1236,-13,-72,SCCS171,1,1,1,1,1,2,4,3,1,Inca,41396047734,0.820655606,2.53308652,0.730279602
Sf2,1940,EA034,4,Aymara,cent2142,-16,-69,SCCS172,1,2,2,1,2,2,4,3,1,Aymara,31254400384,0.658866592,4.046270155,0.746889376
Sf3,1910,EA034,1,Chachi,chac1249,1,-79,SCCS168,NA,NA,NA,NA,NA,NA,NA,NA,NA,Chachi,16219626157,0.730143807,0.256428972,0.783821885
Sf4,1950,EA034,2,U'wa,cent2150,7,-72,NA,NA,NA,NA,NA,NA,NA,NA,NA,NA,NA,NA,NA,NA,NA
Sf5,NA,EA034,NA,Páez,paez1247,3,-76,NA,NA,NA,NA,NA,NA,NA,NA,NA,NA,NA,NA,NA,NA,NA
Sf6,1540,EA034,1,Muisca,chib1270,5,-72,NA,NA,NA,NA,NA,NA,NA,NA,NA,NA,NA,NA,NA,NA,NA
Sf7,1900,EA034,2,Asháninka,ajyi1238,-8,-75,NA,NA,NA,NA,NA,NA,NA,NA,NA,NA,NA,NA,NA,NA,NA
Sf8,NA,EA034,NA,Piro,yine1238,-12,-73,NA,NA,NA,NA,NA,NA,NA,NA,NA,NA,NA,NA,NA,NA,NA
Sf9,NA,EA034,NA,Uru,uruu1244,-16,-69,NA,NA,NA,NA,NA,NA,NA,NA,NA,NA,NA,NA,NA,NA,NA
Sg1,1870,EA034,4,Yahgan,yama1264,-55.02,-68.98,SCCS186,2,1,2,1,2,1,3,4,1,Yahgan,671652292.3,0.817754903,3.620117842,0.718842882
Sg2,1880,EA034,3,Mapuche,mapu1245,-39,-68,SCCS184,1,1,1,1,2,1,3,4,1,Mapuche,4295021417,0.614944272,12.11903845,0.729435579
Sg3,1880,EA034,2,Ona,onaa1245,-54,-69,NA,NA,NA,NA,NA,NA,NA,NA,NA,NA,NA,NA,NA,NA,NA
Sg4,1870,EA034,2,Tehuelche,tehu1242,-46,-70,SCCS185,1,2,1,1,1,1,4,2,1,Tehuelche,602182954.4,0.61734263,36.63056224,0.651734691
Sg5,1900,EA034,1,Alacaluf,qawa1238,-52,-74,NA,NA,NA,NA,NA,NA,NA,NA,NA,NA,NA,NA,NA,NA,NA
Sh1,1860,EA034,1,Wichí,wich1264,-24,-63,NA,NA,NA,NA,NA,NA,NA,NA,NA,NA,NA,NA,NA,NA,NA
Sh2,1850,EA034,2,Terena,tere1279,-21,-58,NA,NA,NA,NA,NA,NA,NA,NA,NA,NA,NA,NA,NA,NA,NA
Sh3,1800,EA034,1,Abipón,abip1241,-29,-61,SCCS183,NA,NA,NA,NA,NA,NA,NA,NA,NA,Abipón,4294289799,0.618586444,22.95029455,0.636679318
Sh4,NA,EA034,NA,Kadiwéu,kadi1248,-22,-57,NA,NA,NA,NA,NA,NA,NA,NA,NA,NA,NA,NA,NA,NA,NA
Sh5,1910,EA034,1,Choroti,iyow1239,-22,-62,NA,NA,NA,NA,NA,NA,NA,NA,NA,NA,NA,NA,NA,NA,NA
Sh6,1890,EA034,3,Chamacoco,cham1315,-20,-59,NA,NA,NA,NA,NA,NA,NA,NA,NA,NA,NA,NA,NA,NA,NA
Sh7,NA,EA034,NA,Guaraní,east2555,-20,-63,NA,NA,NA,NA,NA,NA,NA,NA,NA,NA,NA,NA,NA,NA,NA
Sh8,1964,EA034,4,Toba,toba1269,-25,-60,NA,NA,NA,NA,NA,NA,NA,NA,NA,NA,NA,NA,NA,NA,NA
Sh9,1890,EA034,2,Lengua,nort2971,-23,-59,SCCS182,2,1,1,NA,2,3,3,4,1,Lengua,6264653158,0.608324256,12.59318972,0.628947046
Si1,1920,EA034,1,Bororo,boro1282,-16,-55,NA,NA,NA,NA,NA,NA,NA,NA,NA,NA,NA,NA,NA,NA,NA
Si10,1950,EA034,1,Kuikuru,kuik1246,-13,-54,NA,NA,NA,NA,NA,NA,NA,NA,NA,NA,NA,NA,NA,NA,NA
Si2,1930,EA034,1,Trumai,trum1247,-12,-53,SCCS175,NA,NA,NA,NA,NA,NA,NA,NA,NA,Trumai,16468389692,0.616533436,3.813406441,0.750440693
Si3,1940,EA034,1,Bacairi,baka1277,-14,-55,NA,NA,NA,NA,NA,NA,NA,NA,NA,NA,NA,NA,NA,NA,NA
Si4,1940,EA034,1,Nambikwara,sout2994,-12,-59,SCCS174,NA,NA,NA,NA,NA,NA,NA,NA,NA,Nambikwara,11398012340,0.622984362,3.266583238,0.724191694
Si5,1940,EA034,2,Kamayurá,kama1373,-12,-54,NA,NA,NA,NA,NA,NA,NA,NA,NA,NA,NA,NA,NA,NA,NA
Si6,NA,EA034,NA,Guató,guat1253,-19,-58,NA,NA,NA,NA,NA,NA,NA,NA,NA,NA,NA,NA,NA,NA,NA
Si7,1910,EA034,1,Paresi,pare1272,-15,-58,NA,NA,NA,NA,NA,NA,NA,NA,NA,NA,NA,NA,NA,NA,NA
Si8,1940,EA034,1,Umotina,umot1240,-15,-57,NA,NA,NA,NA,NA,NA,NA,NA,NA,NA,NA,NA,NA,NA,NA
Si9,NA,EA034,NA,Aweti,awet1244,-12,-54,NA,NA,NA,NA,NA,NA,NA,NA,NA,NA,NA,NA,NA,NA,NA
Sj1,1950,EA034,1,Carajá,kara1500,-12,-50,NA,NA,NA,NA,NA,NA,NA,NA,NA,NA,NA,NA,NA,NA,NA
Sj10,NA,EA034,NA,Cayua,mbya1239,-26,-54,SCCS181,NA,NA,NA,NA,NA,NA,NA,NA,NA,Cayua,8296807517,0.617101167,11.09474538,0.66273242
Sj11,1958,EA034,1,Shavante,xava1240,-14,-52,SCCS179,NA,NA,NA,NA,NA,NA,NA,NA,NA,Shavante,15093364988,0.585009656,3.676206736,0.706246565
Sj2,1850,EA034,1,Sherente,xere1240,-9,-48,NA,NA,NA,NA,NA,NA,NA,NA,NA,NA,NA,NA,NA,NA,NA
Sj3,1910,EA034,1,Aweikoma,xokl1240,-28,-50,SCCS180,1,1,1,1,2,1,4,1,1,Aweikoma,4735082752,0.684641439,11.75161344,0.684613319
Sj4,1930,EA034,1,Canela,cane1242,-7,-45,SCCS176,1,1,1,1,2,1,2,4,1,Canela,70161254041,0.642582099,2.962137854,0.729356473
Sj5,NA,EA034,NA,Aimoré,kren1239,-18,-42,SCCS178,NA,NA,NA,NA,NA,NA,NA,NA,NA,Aimoré,6701922887,0.63552174,7.963158734,0.735885593
Sj6,1930,EA034,1,Tenetehara,temb1276,-3,-46,NA,NA,NA,NA,NA,NA,NA,NA,NA,NA,NA,NA,NA,NA,NA
Sj7,1920,EA034,2,Apinaye,apin1244,-6,-49,NA,NA,NA,NA,NA,NA,NA,NA,NA,NA,NA,NA,NA,NA,NA
Sj8,1600,EA034,2,Tupinambá,tupi1273,-8,-35,SCCS177,1,1,1,1,1,1,4,2,1,Tupinambá,9477828432,0.650196306,8.016927936,0.726463941
Sj9,NA,EA034,NA,Kayapo,kaya1330,-8,-52,NA,NA,NA,NA,NA,NA,NA,NA,NA,NA,NA,NA,NA,NA,NA
ch12,1899,EA034,4,Bashkir,bash1264,54,56,NA,NA,NA,NA,NA,NA,NA,NA,NA,NA,NA,NA,NA,NA,NA
ch13,1894,EA034,4,Besermyan,nort2676,58,52,NA,NA,NA,NA,NA,NA,NA,NA,NA,NA,NA,NA,NA,NA,NA
ch14,1908,EA034,4,Chuvash,chuv1255,57,53,NA,NA,NA,NA,NA,NA,NA,NA,NA,NA,NA,NA,NA,NA,NA
ch15,1895,EA034,4,Erzya Mordvins,erzy1239,53,50,NA,NA,NA,NA,NA,NA,NA,NA,NA,NA,NA,NA,NA,NA,NA
ch16,1908,EA034,4,Estonians,esto1258,59,26,NA,NA,NA,NA,NA,NA,NA,NA,NA,NA,NA,NA,NA,NA,NA
ch17,1894,EA034,4,Gagauz,gaga1249,45.44,29.32,NA,NA,NA,NA,NA,NA,NA,NA,NA,NA,NA,NA,NA,NA,NA
ch18,1927,EA034,4,Ingrians,ingr1248,59,29,NA,NA,NA,NA,NA,NA,NA,NA,NA,NA,NA,NA,NA,NA,NA
ch19,1874,EA034,4,Karelians,livv1243,64,33,NA,NA,NA,NA,NA,NA,NA,NA,NA,NA,NA,NA,NA,NA,NA
ch20,1910,EA034,4,Kazan tatar,midd1325,55,50,NA,NA,NA,NA,NA,NA,NA,NA,NA,NA,NA,NA,NA,NA,NA
ch21,1881,EA034,4,Latvians,latv1249,57,24,NA,NA,NA,NA,NA,NA,NA,NA,NA,NA,NA,NA,NA,NA,NA
ch22,1895,EA034,4,Lithuanian Karaim,kara1464,55,23,NA,NA,NA,NA,NA,NA,NA,NA,NA,NA,NA,NA,NA,NA,NA
ch23,1905,EA034,4,Lithuanian Tatar,west2405,55,24,NA,NA,NA,NA,NA,NA,NA,NA,NA,NA,NA,NA,NA,NA,NA
ch24,1847,EA034,4,Livs,livv1244,57,23,NA,NA,NA,NA,NA,NA,NA,NA,NA,NA,NA,NA,NA,NA,NA
ch25,1900,EA034,4,Moldovans,mold1248,47,29,NA,NA,NA,NA,NA,NA,NA,NA,NA,NA,NA,NA,NA,NA,NA
ch26,1890,EA034,4,Udmurt,sout2681,57,53,NA,NA,NA,NA,NA,NA,NA,NA,NA,NA,NA,NA,NA,NA,NA
ch27,1900,EA034,4,Veps,veps1250,61,35,NA,NA,NA,NA,NA,NA,NA,NA,NA,NA,NA,NA,NA,NA,NA
ch28,1900,EA034,4,Votes,voti1245,59,29,NA,NA,NA,NA,NA,NA,NA,NA,NA,NA,NA,NA,NA,NA,NA
ec12,1930,EA034,2,Nganasan,ngan1291,72,90,NA,NA,NA,NA,NA,NA,NA,NA,NA,NA,NA,NA,NA,NA,NA
ec13,1710,EA034,2,Itelmen,itel1242,54.98,161.79,NA,NA,NA,NA,NA,NA,NA,NA,NA,NA,NA,NA,NA,NA,NA
ec14,1880,EA034,2,Ungazikmit,cent2128,64,-173,NA,NA,NA,NA,NA,NA,NA,NA,NA,NA,NA,NA,NA,NA,NA
ec15,1880,EA034,2,Mansi,mans1258,63,62,NA,NA,NA,NA,NA,NA,NA,NA,NA,NA,NA,NA,NA,NA,NA
ec16,1890,EA034,2,Evenk,even1259,55,112,NA,NA,NA,NA,NA,NA,NA,NA,NA,NA,NA,NA,NA,NA,NA
ec17,1890,EA034,2,Negidal,negi1245,52,134,NA,NA,NA,NA,NA,NA,NA,NA,NA,NA,NA,NA,NA,NA,NA
ec18,1890,EA034,2,Ulch,ulch1241,50,136,NA,NA,NA,NA,NA,NA,NA,NA,NA,NA,NA,NA,NA,NA,NA
ec19,1890,EA034,2,Orok,orok1265,54.01,142.71,NA,NA,NA,NA,NA,NA,NA,NA,NA,NA,NA,NA,NA,NA,NA
ec20,1890,EA034,2,Oroch,oroc1248,51,138,NA,NA,NA,NA,NA,NA,NA,NA,NA,NA,NA,NA,NA,NA,NA
ec21,1890,EA034,2,Udihe,udih1248,47,136,NA,NA,NA,NA,NA,NA,NA,NA,NA,NA,NA,NA,NA,NA,NA
